distance,duration,from_station_id,to_station_id
0,0,BT-01,BT-01
423,109,BT-01,BT-03
1068,370,BT-01,BT-04
868,261,BT-01,BT-05
2067,640,BT-01,CBD-03
1870,569,BT-01,CBD-04
2142,520,BT-01,CBD-05
1896,510,BT-01,CBD-06
2594,864,BT-01,CBD-07
1343,397,BT-01,CBD-13
3631,1323,BT-01,CD-01
3219,1097,BT-01,CH-01
3950,1384,BT-01,CH-02
3752,1267,BT-01,CH-03
4378,1538,BT-01,CH-05
3834,1331,BT-01,CH-06
3852,1440,BT-01,CH-07
3396,1209,BT-01,CH-08
3106,1111,BT-01,CH-09
2750,935,BT-01,CH-12
4457,1493,BT-01,CH-15
1504,374,BT-01,DPD-01
12158,2654,BT-01,DPD-03
2286,591,BT-01,EL-01
3356,889,BT-01,EL-03
4941,1221,BT-01,EL-05
2990,1069,BT-01,FH-01
4151,1378,BT-01,FH-04
3097,1014,BT-01,ID-04
2627,796,BT-01,PS-04
2794,853,BT-01,PS-05
2190,656,BT-01,SLU-01
1689,489,BT-01,SLU-02
1501,414,BT-01,SLU-04
941,297,BT-01,SLU-07
1432,466,BT-01,SLU-15
2305,746,BT-01,SLU-16
1984,543,BT-01,SLU-17
725,262,BT-01,SLU-18
912,285,BT-01,SLU-19
1532,537,BT-01,SLU-20
1723,485,BT-01,SLU-21
10547,2213,BT-01,UD-01
8552,2008,BT-01,UD-02
7974,1821,BT-01,UD-04
8740,2168,BT-01,UD-07
9784,2227,BT-01,UW-01
8999,2210,BT-01,UW-02
8390,1905,BT-01,UW-04
9145,2055,BT-01,UW-06
9578,2087,BT-01,UW-07
8474,1859,BT-01,UW-10
773,251,BT-01,WF-01
1798,503,BT-01,WF-04
3551,1247,BT-01,CH-16
744,259,BT-01,SLU-22
8911,1967,BT-01,UW-11
1109,329,BT-01,WF-03
806,292,BT-01,Pronto shop
601,192,BT-03,BT-01
0,0,BT-03,BT-03
838,304,BT-03,BT-04
445,152,BT-03,BT-05
1643,531,BT-03,CBD-03
1446,460,BT-03,CBD-04
1718,410,BT-03,CBD-05
1473,400,BT-03,CBD-06
2171,755,BT-03,CBD-07
919,288,BT-03,CBD-13
3208,1214,BT-03,CD-01
2795,988,BT-03,CH-01
3526,1275,BT-03,CH-02
3329,1157,BT-03,CH-03
3955,1429,BT-03,CH-05
3411,1222,BT-03,CH-06
3429,1331,BT-03,CH-07
2973,1100,BT-03,CH-08
2682,1002,BT-03,CH-09
2327,825,BT-03,CH-12
4034,1384,BT-03,CH-15
1635,413,BT-03,DPD-01
12290,2693,BT-03,DPD-03
2418,630,BT-03,EL-01
3488,927,BT-03,EL-03
5073,1260,BT-03,EL-05
2566,960,BT-03,FH-01
3727,1269,BT-03,FH-04
2674,905,BT-03,ID-04
2203,687,BT-03,PS-04
2371,744,BT-03,PS-05
2321,674,BT-03,SLU-01
1658,460,BT-03,SLU-02
1631,431,BT-03,SLU-04
910,268,BT-03,SLU-07
1351,404,BT-03,SLU-15
1882,637,BT-03,SLU-16
2115,582,BT-03,SLU-17
768,239,BT-03,SLU-18
1014,311,BT-03,SLU-19
1807,509,BT-03,SLU-20
1791,479,BT-03,SLU-21
10679,2252,BT-03,UD-01
8684,2046,BT-03,UD-02
8105,1859,BT-03,UD-04
8872,2206,BT-03,UD-07
9916,2266,BT-03,UW-01
9131,2248,BT-03,UW-02
8522,1944,BT-03,UW-04
9277,2094,BT-03,UW-06
9710,2126,BT-03,UW-07
8606,1898,BT-03,UW-10
829,298,BT-03,WF-01
1376,442,BT-03,WF-04
3128,1138,BT-03,CH-16
746,218,BT-03,SLU-22
9043,2006,BT-03,UW-11
687,269,BT-03,WF-03
794,243,BT-03,Pronto shop
1014,383,BT-04,BT-01
793,277,BT-04,BT-03
0,0,BT-04,BT-04
648,247,BT-04,BT-05
1469,441,BT-04,CBD-03
1760,546,BT-04,CBD-04
1923,538,BT-04,CBD-05
1676,495,BT-04,CBD-06
2374,850,BT-04,CBD-07
1122,383,BT-04,CBD-13
3644,1189,BT-04,CD-01
1930,799,BT-04,CH-01
2661,1086,BT-04,CH-02
2463,968,BT-04,CH-03
3089,1240,BT-04,CH-05
2545,1033,BT-04,CH-06
2563,1142,BT-04,CH-07
2107,911,BT-04,CH-08
1817,813,BT-04,CH-09
1461,636,BT-04,CH-12
3168,1195,BT-04,CH-15
1217,261,BT-04,DPD-01
11872,2541,BT-04,DPD-03
2000,478,BT-04,EL-01
3070,776,BT-04,EL-03
4654,1109,BT-04,EL-05
2392,876,BT-04,FH-01
2862,1080,BT-04,FH-04
2877,999,BT-04,ID-04
2407,782,BT-04,PS-04
2574,838,BT-04,PS-05
1770,427,BT-04,SLU-01
1480,365,BT-04,SLU-02
1292,290,BT-04,SLU-04
731,148,BT-04,SLU-07
1102,253,BT-04,SLU-15
1017,448,BT-04,SLU-16
1697,431,BT-04,SLU-17
451,76,BT-04,SLU-18
1553,464,BT-04,SLU-19
1490,346,BT-04,SLU-20
1500,362,BT-04,SLU-21
10261,2100,BT-04,UD-01
8265,1895,BT-04,UD-02
7687,1708,BT-04,UD-04
8454,2055,BT-04,UD-07
9498,2115,BT-04,UW-01
8713,2097,BT-04,UW-02
8104,1792,BT-04,UW-04
8859,1943,BT-04,UW-06
9291,1975,BT-04,UW-07
8188,1747,BT-04,UW-10
1471,502,BT-04,WF-01
1546,550,BT-04,WF-04
2262,949,BT-04,CH-16
844,252,BT-04,SLU-22
8625,1855,BT-04,UW-11
1330,474,BT-04,WF-03
476,79,BT-04,Pronto shop
1046,291,BT-05,BT-01
445,99,BT-05,BT-03
433,140,BT-05,BT-04
0,0,BT-05,BT-05
1198,379,BT-05,CBD-03
1001,307,BT-05,CBD-04
1300,367,BT-05,CBD-05
1028,248,BT-05,CBD-06
1726,603,BT-05,CBD-07
474,136,BT-05,CBD-13
2763,1062,BT-05,CD-01
2350,836,BT-05,CH-01
3081,1123,BT-05,CH-02
2883,1005,BT-05,CH-03
3510,1277,BT-05,CH-05
2966,1069,BT-05,CH-06
2984,1179,BT-05,CH-07
2528,947,BT-05,CH-08
2237,850,BT-05,CH-09
1882,673,BT-05,CH-12
3589,1231,BT-05,CH-15
1449,347,BT-05,DPD-01
12103,2627,BT-05,DPD-03
2231,564,BT-05,EL-01
3327,881,BT-05,EL-03
4912,1214,BT-05,EL-05
2121,808,BT-05,FH-01
3282,1117,BT-05,FH-04
2229,752,BT-05,ID-04
1758,535,BT-05,PS-04
1926,592,BT-05,PS-05
1644,517,BT-05,SLU-01
1911,496,BT-05,SLU-02
1445,372,BT-05,SLU-04
886,226,BT-05,SLU-07
909,328,BT-05,SLU-15
1437,485,BT-05,SLU-16
1929,516,BT-05,SLU-17
882,206,BT-05,SLU-18
1459,411,BT-05,SLU-19
1363,436,BT-05,SLU-20
1669,458,BT-05,SLU-21
10492,2186,BT-05,UD-01
8497,1981,BT-05,UD-02
7919,1793,BT-05,UD-04
8685,2140,BT-05,UD-07
9729,2200,BT-05,UW-01
8944,2183,BT-05,UW-02
8335,1878,BT-05,UW-04
9090,2028,BT-05,UW-06
9523,2060,BT-05,UW-07
8420,1832,BT-05,UW-10
1123,346,BT-05,WF-01
896,315,BT-05,WF-04
2683,986,BT-05,CH-16
1191,317,BT-05,SLU-22
8856,1940,BT-05,UW-11
721,252,BT-05,WF-03
647,172,BT-05,Pronto shop
1921,597,CBD-03,BT-01
1642,480,CBD-03,BT-03
964,273,CBD-03,BT-04
1197,380,CBD-03,BT-05
0,0,CBD-03,CBD-03
291,106,CBD-03,CBD-04
1085,341,CBD-03,CBD-05
812,222,CBD-03,CBD-06
1486,585,CBD-03,CBD-07
753,277,CBD-03,CBD-13
3105,922,CBD-03,CD-01
1390,532,CBD-03,CH-01
2121,820,CBD-03,CH-02
1923,702,CBD-03,CH-03
2549,974,CBD-03,CH-05
2005,766,CBD-03,CH-06
2023,876,CBD-03,CH-07
1568,644,CBD-03,CH-08
1277,547,CBD-03,CH-09
922,370,CBD-03,CH-12
2628,928,CBD-03,CH-15
1980,486,CBD-03,DPD-01
12635,2766,CBD-03,DPD-03
2212,623,CBD-03,EL-01
3247,881,CBD-03,EL-03
4957,1211,CBD-03,EL-05
1161,505,CBD-03,FH-01
2322,814,CBD-03,FH-04
2013,727,CBD-03,ID-04
1543,509,CBD-03,PS-04
1710,566,CBD-03,PS-05
1564,517,CBD-03,SLU-01
2356,624,CBD-03,SLU-02
1977,511,CBD-03,SLU-04
1418,366,CBD-03,SLU-07
572,183,CBD-03,SLU-15
477,181,CBD-03,SLU-16
2460,656,CBD-03,SLU-17
1299,331,CBD-03,SLU-18
2656,791,CBD-03,SLU-19
835,306,CBD-03,SLU-20
2200,597,CBD-03,SLU-21
11024,2325,CBD-03,UD-01
6398,1658,CBD-03,UD-02
6036,1554,CBD-03,UD-04
6727,1818,CBD-03,UD-07
7408,1892,CBD-03,UW-01
7022,1949,CBD-03,UW-02
6297,1596,CBD-03,UW-04
9622,2168,CBD-03,UW-06
10055,2200,CBD-03,UW-07
8951,1972,CBD-03,UW-10
2268,670,CBD-03,WF-01
1671,472,CBD-03,WF-04
1723,683,CBD-03,CH-16
1808,524,CBD-03,SLU-22
9388,2080,CBD-03,UW-11
1648,556,CBD-03,WF-03
1179,311,CBD-03,Pronto shop
1650,496,CBD-04,BT-01
1371,376,CBD-04,BT-03
1027,325,CBD-04,BT-04
926,277,CBD-04,BT-05
553,187,CBD-04,CBD-03
0,0,CBD-04,CBD-04
794,236,CBD-04,CBD-05
521,117,CBD-04,CBD-06
1195,479,CBD-04,CBD-07
454,166,CBD-04,CBD-13
2257,931,CBD-04,CD-01
1705,644,CBD-04,CH-01
2436,932,CBD-04,CH-02
2238,814,CBD-04,CH-03
2865,1086,CBD-04,CH-05
2321,878,CBD-04,CH-06
2339,988,CBD-04,CH-07
1883,756,CBD-04,CH-08
1592,658,CBD-04,CH-09
1237,482,CBD-04,CH-12
2944,1040,CBD-04,CH-15
2043,538,CBD-04,DPD-01
12697,2818,CBD-04,DPD-03
2407,678,CBD-04,EL-01
3442,936,CBD-04,EL-03
5272,1323,CBD-04,EL-05
1476,617,CBD-04,FH-01
2637,926,CBD-04,FH-04
1722,621,CBD-04,ID-04
1252,404,CBD-04,PS-04
1419,460,CBD-04,PS-05
1758,571,CBD-04,SLU-01
2419,676,CBD-04,SLU-02
2040,563,CBD-04,SLU-04
1480,418,CBD-04,SLU-07
693,235,CBD-04,SLU-15
792,293,CBD-04,SLU-16
2523,708,CBD-04,SLU-17
1362,383,CBD-04,SLU-18
2385,688,CBD-04,SLU-19
1143,348,CBD-04,SLU-20
2263,649,CBD-04,SLU-21
11087,2377,CBD-04,UD-01
6713,1770,CBD-04,UD-02
6351,1666,CBD-04,UD-04
7043,1930,CBD-04,UD-07
10324,2391,CBD-04,UW-01
9539,2374,CBD-04,UW-02
6612,1708,CBD-04,UW-04
9685,2220,CBD-04,UW-06
10117,2251,CBD-04,UW-07
9014,2024,CBD-04,UW-10
1997,567,CBD-04,WF-01
1380,366,CBD-04,WF-04
2038,794,CBD-04,CH-16
1784,482,CBD-04,SLU-22
9450,2131,CBD-04,UW-11
1378,453,CBD-04,WF-03
1242,363,CBD-04,Pronto shop
2351,819,CBD-05,BT-01
1750,627,CBD-05,BT-03
1737,683,CBD-05,BT-04
1305,528,CBD-05,BT-05
1328,540,CBD-05,CBD-03
1131,469,CBD-05,CBD-04
0,0,CBD-05,CBD-05
276,180,CBD-05,CBD-06
621,331,CBD-05,CBD-07
831,383,CBD-05,CBD-13
1720,785,CBD-05,CD-01
2480,997,CBD-05,CH-01
3211,1284,CBD-05,CH-02
3013,1166,CBD-05,CH-03
3640,1438,CBD-05,CH-05
3096,1231,CBD-05,CH-06
3114,1340,CBD-05,CH-07
2658,1109,CBD-05,CH-08
2367,1011,CBD-05,CH-09
2012,834,CBD-05,CH-12
3719,1393,CBD-05,CH-15
2753,897,CBD-05,DPD-01
13407,3177,CBD-05,DPD-03
3117,1037,CBD-05,EL-01
4152,1294,CBD-05,EL-03
6047,1676,CBD-05,EL-05
1355,783,CBD-05,FH-01
2529,1025,CBD-05,FH-04
1124,480,CBD-05,ID-04
568,206,CBD-05,PS-04
821,319,CBD-05,PS-05
2468,930,CBD-05,SLU-01
3129,1035,CBD-05,SLU-02
2750,921,CBD-05,SLU-04
2190,776,CBD-05,SLU-07
1468,587,CBD-05,SLU-15
1567,646,CBD-05,SLU-16
3233,1066,CBD-05,SLU-17
2072,741,CBD-05,SLU-18
2764,938,CBD-05,SLU-19
1917,694,CBD-05,SLU-20
2973,1008,CBD-05,SLU-21
11797,2736,CBD-05,UD-01
7488,2122,CBD-05,UD-02
7126,2018,CBD-05,UD-04
7818,2282,CBD-05,UD-07
11034,2750,CBD-05,UW-01
10249,2733,CBD-05,UW-02
7387,2061,CBD-05,UW-04
10395,2578,CBD-05,UW-06
10827,2610,CBD-05,UW-07
9724,2382,CBD-05,UW-10
2054,526,CBD-05,WF-01
735,197,CBD-05,WF-04
2813,1147,CBD-05,CH-16
2496,845,CBD-05,SLU-22
10160,2490,CBD-05,UW-11
1433,350,CBD-05,WF-03
1952,722,CBD-05,Pronto shop
2073,635,CBD-06,BT-01
1473,443,CBD-06,BT-03
1460,499,CBD-06,BT-04
1028,344,CBD-06,BT-05
1051,356,CBD-06,CBD-03
854,284,CBD-06,CBD-04
273,119,CBD-06,CBD-05
0,0,CBD-06,CBD-06
698,355,CBD-06,CBD-07
553,198,CBD-06,CBD-13
1735,814,CBD-06,CD-01
2203,813,CBD-06,CH-01
2934,1100,CBD-06,CH-02
2736,982,CBD-06,CH-03
3362,1254,CBD-06,CH-05
2818,1046,CBD-06,CH-06
2836,1156,CBD-06,CH-07
2380,924,CBD-06,CH-08
2090,827,CBD-06,CH-09
1734,650,CBD-06,CH-12
3441,1208,CBD-06,CH-15
2476,712,CBD-06,DPD-01
13130,2992,CBD-06,DPD-03
2839,852,CBD-06,EL-01
3874,1110,CBD-06,EL-03
5769,1492,CBD-06,EL-05
1079,603,CBD-06,FH-01
1786,882,CBD-06,FH-04
1201,504,CBD-06,ID-04
731,287,CBD-06,PS-04
898,343,CBD-06,PS-05
2191,746,CBD-06,SLU-01
2851,851,CBD-06,SLU-02
2472,737,CBD-06,SLU-04
1913,592,CBD-06,SLU-07
1191,403,CBD-06,SLU-15
1290,462,CBD-06,SLU-16
2956,882,CBD-06,SLU-17
1794,557,CBD-06,SLU-18
2487,754,CBD-06,SLU-19
1640,510,CBD-06,SLU-20
2695,823,CBD-06,SLU-21
11519,2551,CBD-06,UD-01
7211,1938,CBD-06,UD-02
6848,1834,CBD-06,UD-04
7540,2098,CBD-06,UD-07
10756,2566,CBD-06,UW-01
9971,2548,CBD-06,UW-02
7110,1876,CBD-06,UW-04
10117,2394,CBD-06,UW-06
10550,2426,CBD-06,UW-07
9446,2198,CBD-06,UW-10
2099,625,CBD-06,WF-01
859,249,CBD-06,WF-04
2535,963,CBD-06,CH-16
2219,661,CBD-06,SLU-22
9883,2306,CBD-06,UW-11
1557,403,CBD-06,WF-03
1674,537,CBD-06,Pronto shop
2391,797,CBD-07,BT-01
2112,678,CBD-07,BT-03
1768,626,CBD-07,BT-04
1667,579,CBD-07,BT-05
1294,489,CBD-07,CBD-03
766,335,CBD-07,CBD-04
555,247,CBD-07,CBD-05
638,290,CBD-07,CBD-06
0,0,CBD-07,CBD-07
1191,489,CBD-07,CBD-13
1421,703,CBD-07,CD-01
2446,946,CBD-07,CH-01
2599,1074,CBD-07,CH-02
2979,1115,CBD-07,CH-03
3027,1238,CBD-07,CH-05
2483,1031,CBD-07,CH-06
2501,1140,CBD-07,CH-07
2045,909,CBD-07,CH-08
1924,890,CBD-07,CH-09
1977,783,CBD-07,CH-12
3111,1199,CBD-07,CH-15
2784,840,CBD-07,DPD-01
13438,3120,CBD-07,DPD-03
3147,980,CBD-07,EL-01
4182,1237,CBD-07,EL-03
6012,1625,CBD-07,EL-05
949,532,CBD-07,FH-01
1655,804,CBD-07,FH-04
962,357,CBD-07,ID-04
497,193,CBD-07,PS-04
652,264,CBD-07,PS-05
2499,873,CBD-07,SLU-01
3159,978,CBD-07,SLU-02
2780,864,CBD-07,SLU-04
2221,719,CBD-07,SLU-07
1434,536,CBD-07,SLU-15
1533,595,CBD-07,SLU-16
3264,1009,CBD-07,SLU-17
2102,684,CBD-07,SLU-18
3126,989,CBD-07,SLU-19
1884,650,CBD-07,SLU-20
3003,951,CBD-07,SLU-21
11827,2679,CBD-07,UD-01
7454,2071,CBD-07,UD-02
7091,1967,CBD-07,UD-04
7783,2231,CBD-07,UD-07
11064,2693,CBD-07,UW-01
10279,2676,CBD-07,UW-02
7353,2010,CBD-07,UW-04
10425,2521,CBD-07,UW-06
10858,2553,CBD-07,UW-07
9754,2325,CBD-07,UW-10
2609,742,CBD-07,WF-01
1296,369,CBD-07,WF-04
2200,937,CBD-07,CH-16
2524,784,CBD-07,SLU-22
10191,2433,CBD-07,UW-11
1988,567,CBD-07,WF-03
1982,665,CBD-07,Pronto shop
1520,436,CBD-13,BT-01
919,244,CBD-13,BT-03
906,301,CBD-13,BT-04
474,145,CBD-13,BT-05
724,243,CBD-13,CBD-03
527,172,CBD-13,CBD-04
826,232,CBD-13,CBD-05
553,113,CBD-13,CBD-06
1252,467,CBD-13,CBD-07
0,0,CBD-13,CBD-13
2289,926,CBD-13,CD-01
1876,700,CBD-13,CH-01
2607,987,CBD-13,CH-02
2409,869,CBD-13,CH-03
3035,1141,CBD-13,CH-05
2491,934,CBD-13,CH-06
2509,1043,CBD-13,CH-07
2054,812,CBD-13,CH-08
1763,714,CBD-13,CH-09
1408,537,CBD-13,CH-12
3114,1096,CBD-13,CH-15
1922,514,CBD-13,DPD-01
12576,2794,CBD-13,DPD-03
2286,654,CBD-13,EL-01
3321,912,CBD-13,EL-03
5443,1379,CBD-13,EL-05
1647,672,CBD-13,FH-01
2808,981,CBD-13,FH-04
1755,617,CBD-13,ID-04
1284,399,CBD-13,PS-04
1452,456,CBD-13,PS-05
1638,547,CBD-13,SLU-01
2298,652,CBD-13,SLU-02
1919,539,CBD-13,SLU-04
1359,394,CBD-13,SLU-07
864,290,CBD-13,SLU-15
963,349,CBD-13,SLU-16
2402,684,CBD-13,SLU-17
1241,358,CBD-13,SLU-18
1933,556,CBD-13,SLU-19
1357,466,CBD-13,SLU-20
2142,625,CBD-13,SLU-21
10966,2353,CBD-13,UD-01
8970,2148,CBD-13,UD-02
8392,1961,CBD-13,UD-04
7213,1985,CBD-13,UD-07
10203,2367,CBD-13,UW-01
9418,2350,CBD-13,UW-02
8808,2045,CBD-13,UW-04
9564,2195,CBD-13,UW-06
9996,2227,CBD-13,UW-07
8893,1999,CBD-13,UW-10
1545,427,CBD-13,WF-01
1101,376,CBD-13,WF-04
2209,850,CBD-13,CH-16
1665,462,CBD-13,SLU-22
9330,2107,CBD-13,UW-11
926,312,CBD-13,WF-03
1121,339,CBD-13,Pronto shop
4524,1253,CD-01,BT-01
3200,1160,CD-01,BT-03
3568,929,CD-01,BT-04
2755,1061,CD-01,BT-05
2825,810,CD-01,CBD-03
2905,821,CD-01,CBD-04
1638,586,CD-01,CBD-05
1728,717,CD-01,CBD-06
1710,527,CD-01,CBD-07
2281,916,CD-01,CBD-13
0,0,CD-01,CD-01
2471,697,CD-01,CH-01
2546,715,CD-01,CH-02
3037,787,CD-01,CH-03
2373,732,CD-01,CH-05
1829,540,CD-01,CH-06
1847,634,CD-01,CH-07
1585,477,CD-01,CH-08
1889,574,CD-01,CH-09
2235,620,CD-01,CH-12
2452,701,CD-01,CH-15
4256,1117,CD-01,DPD-01
10299,2441,CD-01,DPD-03
4226,1067,CD-01,EL-01
5078,1347,CD-01,EL-03
5700,1362,CD-01,EL-05
1145,512,CD-01,FH-01
804,238,CD-01,FH-04
1111,226,CD-01,ID-04
1662,406,CD-01,PS-04
1555,361,CD-01,PS-05
3091,866,CD-01,SLU-01
4959,1281,CD-01,SLU-02
4253,1141,CD-01,SLU-04
3693,996,CD-01,SLU-07
3175,839,CD-01,SLU-15
2628,717,CD-01,SLU-16
4482,1114,CD-01,SLU-17
3695,994,CD-01,SLU-18
4214,1471,CD-01,SLU-19
2926,910,CD-01,SLU-20
4208,1084,CD-01,SLU-21
8688,2000,CD-01,UD-01
7028,1740,CD-01,UD-02
6665,1636,CD-01,UD-04
7357,1900,CD-01,UD-07
8038,1975,CD-01,UW-01
7652,2031,CD-01,UW-02
6927,1678,CD-01,UW-04
7272,1820,CD-01,UW-06
7064,1712,CD-01,UW-07
7640,1815,CD-01,UW-10
3578,1081,CD-01,WF-01
2265,708,CD-01,WF-04
2134,609,CD-01,CH-16
4412,1181,CD-01,SLU-22
6638,1666,CD-01,UW-11
2957,906,CD-01,WF-03
3646,988,CD-01,Pronto shop
2810,780,CH-01,BT-01
2531,663,CH-01,BT-03
1853,456,CH-01,BT-04
2086,563,CH-01,BT-05
1386,390,CH-01,CBD-03
1689,471,CH-01,CBD-04
2468,692,CH-01,CBD-05
2195,573,CH-01,CBD-06
3424,1072,CH-01,CBD-07
1642,460,CH-01,CBD-13
2677,642,CH-01,CD-01
0,0,CH-01,CH-01
659,270,CH-01,CH-02
533,170,CH-01,CH-03
1194,485,CH-01,CH-05
1117,386,CH-01,CH-06
1432,597,CH-01,CH-07
1064,326,CH-01,CH-08
582,199,CH-01,CH-09
521,147,CH-01,CH-12
1170,395,CH-01,CH-15
1733,461,CH-01,DPD-01
9421,2125,CH-01,DPD-03
1778,438,CH-01,EL-01
2691,729,CH-01,EL-03
3803,842,CH-01,EL-05
2020,598,CH-01,FH-01
1895,533,CH-01,FH-04
3720,914,CH-01,ID-04
3483,971,CH-01,PS-04
3617,1044,CH-01,PS-05
643,237,CH-01,SLU-01
3245,807,CH-01,SLU-02
1497,368,CH-01,SLU-04
1978,523,CH-01,SLU-07
1461,366,CH-01,SLU-15
913,243,CH-01,SLU-16
2034,485,CH-01,SLU-17
1980,521,CH-01,SLU-18
3545,974,CH-01,SLU-19
763,301,CH-01,SLU-20
1760,455,CH-01,SLU-21
7810,1684,CH-01,UD-01
5245,1289,CH-01,UD-02
4882,1185,CH-01,UD-04
5574,1449,CH-01,UD-07
6255,1523,CH-01,UW-01
5869,1580,CH-01,UW-02
5143,1227,CH-01,UW-04
5931,1413,CH-01,UW-06
6023,1522,CH-01,UW-07
5856,1363,CH-01,UW-10
3157,853,CH-01,WF-01
2712,802,CH-01,WF-04
541,239,CH-01,CH-16
2697,707,CH-01,SLU-22
6174,1438,CH-01,UW-11
2537,739,CH-01,WF-03
1931,514,CH-01,Pronto shop
3541,917,CH-02,BT-01
3262,800,CH-02,BT-03
2584,593,CH-02,BT-04
2817,701,CH-02,BT-05
2117,527,CH-02,CBD-03
2420,609,CH-02,CBD-04
3199,830,CH-02,CBD-05
2926,711,CH-02,CBD-06
3282,980,CH-02,CBD-07
2373,598,CH-02,CBD-13
2546,531,CH-02,CD-01
606,141,CH-02,CH-01
0,0,CH-02,CH-02
456,68,CH-02,CH-03
792,303,CH-02,CH-05
717,205,CH-02,CH-06
1472,443,CH-02,CH-07
952,202,CH-02,CH-08
780,194,CH-02,CH-09
1252,284,CH-02,CH-12
577,182,CH-02,CH-15
2393,528,CH-02,DPD-01
8794,1939,CH-02,DPD-03
2198,614,CH-02,EL-01
2547,623,CH-02,EL-03
3659,736,CH-02,EL-05
1877,506,CH-02,FH-01
1763,422,CH-02,FH-04
3662,757,CH-02,ID-04
3340,879,CH-02,PS-04
3474,952,CH-02,PS-05
1303,303,CH-02,SLU-01
2973,736,CH-02,SLU-02
2158,435,CH-02,SLU-04
2709,660,CH-02,SLU-07
2192,503,CH-02,SLU-15
1644,381,CH-02,SLU-16
2695,551,CH-02,SLU-17
2711,658,CH-02,SLU-18
4276,1112,CH-02,SLU-19
1423,368,CH-02,SLU-20
2421,521,CH-02,SLU-21
7183,1498,CH-02,UD-01
4618,1103,CH-02,UD-02
4255,998,CH-02,UD-04
4947,1262,CH-02,UD-07
5628,1337,CH-02,UW-01
5242,1394,CH-02,UW-02
4517,1041,CH-02,UW-04
5304,1227,CH-02,UW-06
5416,1313,CH-02,UW-07
5230,1177,CH-02,UW-10
3888,991,CH-02,WF-01
3444,939,CH-02,WF-04
398,147,CH-02,CH-16
3428,845,CH-02,SLU-22
5547,1252,CH-02,UW-11
3268,876,CH-02,WF-03
2663,652,CH-02,Pronto shop
3293,919,CH-03,BT-01
3014,802,CH-03,BT-03
2337,595,CH-03,BT-04
2569,703,CH-03,BT-05
1870,529,CH-03,CBD-03
2173,611,CH-03,CBD-04
2952,831,CH-03,CBD-05
2679,712,CH-03,CBD-06
3737,1146,CH-03,CBD-07
2125,600,CH-03,CBD-13
3037,704,CH-03,CD-01
533,152,CH-03,CH-01
456,166,CH-03,CH-02
0,0,CH-03,CH-03
1285,477,CH-03,CH-05
1208,378,CH-03,CH-06
1965,617,CH-03,CH-07
1445,375,CH-03,CH-08
1226,375,CH-03,CH-09
915,247,CH-03,CH-12
762,318,CH-03,CH-15
2256,518,CH-03,DPD-01
8888,1955,CH-03,DPD-03
1809,550,CH-03,EL-01
2158,559,CH-03,EL-03
3270,673,CH-03,EL-05
2333,672,CH-03,FH-01
2255,595,CH-03,FH-04
4154,930,CH-03,ID-04
3796,1045,CH-03,PS-04
3930,1118,CH-03,PS-05
1167,293,CH-03,SLU-01
2836,726,CH-03,SLU-02
2021,425,CH-03,SLU-04
2143,533,CH-03,SLU-07
1944,505,CH-03,SLU-15
1397,383,CH-03,SLU-16
2158,614,CH-03,SLU-17
2145,531,CH-03,SLU-18
3415,924,CH-03,SLU-19
1286,358,CH-03,SLU-20
2284,512,CH-03,SLU-21
7277,1514,CH-03,UD-01
4711,1119,CH-03,UD-02
4349,1015,CH-03,UD-04
5041,1279,CH-03,UD-07
5721,1353,CH-03,UW-01
5335,1410,CH-03,UW-02
4610,1057,CH-03,UW-04
5398,1244,CH-03,UW-06
6307,1389,CH-03,UW-07
5323,1194,CH-03,UW-10
3640,993,CH-03,WF-01
3196,941,CH-03,WF-04
854,312,CH-03,CH-16
2706,712,CH-03,SLU-22
5641,1269,CH-03,UW-11
3021,878,CH-03,WF-03
2096,525,CH-03,Pronto shop
3969,939,CH-05,BT-01
3690,822,CH-05,BT-03
3013,615,CH-05,BT-04
3245,723,CH-05,BT-05
2545,549,CH-05,CBD-03
2848,630,CH-05,CBD-04
3627,851,CH-05,CBD-05
3355,732,CH-05,CBD-06
3710,1012,CH-05,CBD-07
2801,620,CH-05,CBD-13
2373,407,CH-05,CD-01
1194,280,CH-05,CH-01
782,166,CH-05,CH-02
1285,237,CH-05,CH-03
0,0,CH-05,CH-05
551,98,CH-05,CH-06
680,140,CH-05,CH-07
1030,163,CH-05,CH-08
1334,260,CH-05,CH-09
1680,306,CH-05,CH-12
700,153,CH-05,CH-15
3701,803,CH-05,DPD-01
7928,1682,CH-05,DPD-03
2987,773,CH-05,EL-01
3549,780,CH-05,EL-03
3820,732,CH-05,EL-05
2305,538,CH-05,FH-01
1591,299,CH-05,FH-04
3489,634,CH-05,ID-04
4041,814,CH-05,PS-04
3934,769,CH-05,PS-05
1892,437,CH-05,SLU-01
4404,967,CH-05,SLU-02
2746,569,CH-05,SLU-04
3138,682,CH-05,SLU-07
2620,525,CH-05,SLU-15
2073,403,CH-05,SLU-16
3283,685,CH-05,SLU-17
3139,680,CH-05,SLU-18
4704,1133,CH-05,SLU-19
2011,502,CH-05,SLU-20
3009,655,CH-05,SLU-21
6317,1242,CH-05,UD-01
5148,1110,CH-05,UD-02
4785,1006,CH-05,UD-04
5477,1270,CH-05,UD-07
5540,1234,CH-05,UW-01
5890,1379,CH-05,UW-02
5047,1048,CH-05,UW-04
4901,1062,CH-05,UW-06
4694,954,CH-05,UW-07
5311,1070,CH-05,UW-10
4316,1012,CH-05,WF-01
3872,961,CH-05,WF-04
934,245,CH-05,CH-16
3857,867,CH-05,SLU-22
4268,908,CH-05,UW-11
3697,898,CH-05,WF-03
3091,673,CH-05,Pronto shop
3425,855,CH-06,BT-01
3146,738,CH-06,BT-03
2469,531,CH-06,BT-04
2701,639,CH-06,BT-05
2002,465,CH-06,CBD-03
2305,546,CH-06,CBD-04
3083,767,CH-06,CBD-05
2811,648,CH-06,CBD-06
3545,853,CH-06,CBD-07
2257,536,CH-06,CBD-13
1829,325,CH-06,CD-01
850,242,CH-06,CH-01
717,176,CH-06,CH-02
1208,248,CH-06,CH-03
595,218,CH-06,CH-05
0,0,CH-06,CH-06
748,271,CH-06,CH-07
437,57,CH-06,CH-08
790,176,CH-06,CH-09
1136,222,CH-06,CH-12
623,162,CH-06,CH-15
3157,719,CH-06,DPD-01
9375,2037,CH-06,DPD-03
3126,669,CH-06,EL-01
3259,793,CH-06,EL-03
3871,822,CH-06,EL-05
1761,454,CH-06,FH-01
1047,217,CH-06,FH-04
2945,552,CH-06,ID-04
3497,732,CH-06,PS-04
3390,687,CH-06,PS-05
1992,468,CH-06,SLU-01
3860,883,CH-06,SLU-02
3153,743,CH-06,SLU-04
2594,598,CH-06,SLU-07
2076,441,CH-06,SLU-15
1529,319,CH-06,SLU-16
3383,716,CH-06,SLU-17
2595,596,CH-06,SLU-18
4160,1049,CH-06,SLU-19
1827,512,CH-06,SLU-20
3109,686,CH-06,SLU-21
7765,1596,CH-06,UD-01
5199,1201,CH-06,UD-02
4836,1097,CH-06,UD-04
5528,1361,CH-06,UD-07
6209,1435,CH-06,UW-01
5823,1492,CH-06,UW-02
5098,1139,CH-06,UW-04
5885,1326,CH-06,UW-06
5245,1196,CH-06,UW-07
5811,1276,CH-06,UW-10
3772,928,CH-06,WF-01
3328,877,CH-06,WF-04
748,149,CH-06,CH-16
3313,783,CH-06,SLU-22
4819,1150,CH-06,UW-11
3153,814,CH-06,WF-03
2547,589,CH-06,Pronto shop
3443,893,CH-07,BT-01
3164,776,CH-07,BT-03
2487,569,CH-07,BT-04
2719,677,CH-07,BT-05
2019,503,CH-07,CBD-03
2323,584,CH-07,CBD-04
3101,805,CH-07,CBD-05
2829,686,CH-07,CBD-06
3184,966,CH-07,CBD-07
2275,574,CH-07,CBD-13
1847,361,CH-07,CD-01
1389,337,CH-07,CH-01
1472,328,CH-07,CH-02
1965,402,CH-07,CH-03
680,165,CH-07,CH-05
748,186,CH-07,CH-06
0,0,CH-07,CH-07
504,117,CH-07,CH-08
808,214,CH-07,CH-09
1154,260,CH-07,CH-12
1380,318,CH-07,CH-15
3175,757,CH-07,DPD-01
8475,1816,CH-07,DPD-03
3144,707,CH-07,EL-01
4229,946,CH-07,EL-03
4500,897,CH-07,EL-05
1779,492,CH-07,FH-01
1065,253,CH-07,FH-04
2963,588,CH-07,ID-04
3515,768,CH-07,PS-04
3408,723,CH-07,PS-05
2010,506,CH-07,SLU-01
3878,921,CH-07,SLU-02
3171,781,CH-07,SLU-04
2612,636,CH-07,SLU-07
2094,479,CH-07,SLU-15
1547,357,CH-07,SLU-16
3401,754,CH-07,SLU-17
2613,634,CH-07,SLU-18
4178,1087,CH-07,SLU-19
1845,550,CH-07,SLU-20
3127,724,CH-07,SLU-21
6864,1376,CH-07,UD-01
5828,1275,CH-07,UD-02
5465,1171,CH-07,UD-04
6157,1435,CH-07,UD-07
6087,1368,CH-07,UW-01
6437,1513,CH-07,UW-02
5727,1213,CH-07,UW-04
5448,1196,CH-07,UW-06
5240,1088,CH-07,UW-07
5857,1204,CH-07,UW-10
3790,966,CH-07,WF-01
3346,915,CH-07,WF-04
1055,250,CH-07,CH-16
3331,821,CH-07,SLU-22
4814,1042,CH-07,UW-11
3171,852,CH-07,WF-03
2565,627,CH-07,Pronto shop
2987,810,CH-08,BT-01
2708,693,CH-08,BT-03
2031,486,CH-08,BT-04
2263,593,CH-08,BT-05
1564,420,CH-08,CBD-03
1867,501,CH-08,CBD-04
2646,722,CH-08,CBD-05
2373,603,CH-08,CBD-06
2728,882,CH-08,CBD-07
1819,490,CH-08,CBD-13
1585,339,CH-08,CD-01
934,253,CH-08,CH-01
952,234,CH-08,CH-02
1445,308,CH-08,CH-03
1088,372,CH-08,CH-05
437,149,CH-08,CH-06
504,293,CH-08,CH-07
0,0,CH-08,CH-08
352,131,CH-08,CH-09
698,177,CH-08,CH-12
1064,281,CH-08,CH-15
2719,673,CH-08,DPD-01
9613,2097,CH-08,DPD-03
2689,624,CH-08,EL-01
3476,855,CH-08,EL-03
4108,882,CH-08,EL-05
1323,409,CH-08,FH-01
803,231,CH-08,FH-04
2702,566,CH-08,ID-04
2786,782,CH-08,PS-04
3146,701,CH-08,PS-05
1554,423,CH-08,SLU-01
3422,837,CH-08,SLU-02
2716,698,CH-08,SLU-04
2156,553,CH-08,SLU-07
1638,396,CH-08,SLU-15
1091,273,CH-08,SLU-16
2945,671,CH-08,SLU-17
2158,551,CH-08,SLU-18
3722,1004,CH-08,SLU-19
1389,466,CH-08,SLU-20
2671,641,CH-08,SLU-21
8002,1656,CH-08,UD-01
5436,1261,CH-08,UD-02
5074,1157,CH-08,UD-04
5765,1421,CH-08,UD-07
6446,1495,CH-08,UW-01
6060,1552,CH-08,UW-02
5335,1199,CH-08,UW-04
6122,1386,CH-08,UW-06
5686,1315,CH-08,UW-07
6048,1336,CH-08,UW-10
3334,883,CH-08,WF-01
2890,832,CH-08,WF-04
599,166,CH-08,CH-16
2875,737,CH-08,SLU-22
6366,1410,CH-08,UW-11
2715,769,CH-08,WF-03
2109,544,CH-08,Pronto shop
2696,724,CH-09,BT-01
2418,607,CH-09,BT-03
1740,400,CH-09,BT-04
1973,508,CH-09,BT-05
1273,334,CH-09,CBD-03
1576,415,CH-09,CBD-04
2355,636,CH-09,CBD-05
2082,517,CH-09,CBD-06
2637,854,CH-09,CBD-07
1529,405,CH-09,CBD-13
1889,447,CH-09,CD-01
581,125,CH-09,CH-01
780,235,CH-09,CH-02
1121,284,CH-09,CH-03
1334,499,CH-09,CH-05
790,291,CH-09,CH-06
808,401,CH-09,CH-07
352,169,CH-09,CH-08
0,0,CH-09,CH-09
408,91,CH-09,CH-12
1357,377,CH-09,CH-15
2428,587,CH-09,DPD-01
9588,2130,CH-09,DPD-03
2398,538,CH-09,EL-01
3497,876,CH-09,EL-03
4608,990,CH-09,EL-05
1232,380,CH-09,FH-01
1107,339,CH-09,FH-04
2933,696,CH-09,ID-04
2695,753,CH-09,PS-04
2829,825,CH-09,PS-05
1263,337,CH-09,SLU-01
3132,752,CH-09,SLU-02
2425,612,CH-09,SLU-04
1865,467,CH-09,SLU-07
1348,310,CH-09,SLU-15
800,187,CH-09,SLU-16
2654,585,CH-09,SLU-17
1867,465,CH-09,SLU-18
3432,918,CH-09,SLU-19
1098,381,CH-09,SLU-20
2380,555,CH-09,SLU-21
7977,1689,CH-09,UD-01
5411,1293,CH-09,UD-02
5049,1189,CH-09,UD-04
5741,1453,CH-09,UD-07
6421,1528,CH-09,UW-01
6035,1584,CH-09,UW-02
5310,1232,CH-09,UW-04
6098,1418,CH-09,UW-06
6209,1504,CH-09,UW-07
6023,1368,CH-09,UW-10
3044,797,CH-09,WF-01
2599,746,CH-09,WF-04
447,176,CH-09,CH-16
2584,652,CH-09,SLU-22
6341,1443,CH-09,UW-11
2424,683,CH-09,WF-03
1818,458,CH-09,Pronto shop
2341,648,CH-12,BT-01
2062,531,CH-12,BT-03
1385,324,CH-12,BT-04
1617,432,CH-12,BT-05
918,258,CH-12,CBD-03
1221,339,CH-12,CBD-04
2000,560,CH-12,CBD-05
1727,441,CH-12,CBD-06
2405,815,CH-12,CBD-07
1173,329,CH-12,CBD-13
2235,595,CH-12,CD-01
466,163,CH-12,CH-01
1252,493,CH-12,CH-02
979,293,CH-12,CH-03
1680,647,CH-12,CH-05
1136,439,CH-12,CH-06
1154,549,CH-12,CH-07
698,317,CH-12,CH-08
408,220,CH-12,CH-09
0,0,CH-12,CH-12
1759,601,CH-12,CH-15
2073,511,CH-12,DPD-01
9871,2196,CH-12,DPD-03
2043,462,CH-12,EL-01
3141,800,CH-12,EL-03
4253,914,CH-12,EL-05
1578,528,CH-12,FH-01
1453,487,CH-12,FH-04
3278,844,CH-12,ID-04
2457,728,CH-12,PS-04
2625,784,CH-12,PS-05
908,261,CH-12,SLU-01
2776,676,CH-12,SLU-02
2070,536,CH-12,SLU-04
1510,391,CH-12,SLU-07
992,234,CH-12,SLU-15
445,111,CH-12,SLU-16
2299,509,CH-12,SLU-17
1512,389,CH-12,SLU-18
3076,842,CH-12,SLU-19
743,305,CH-12,SLU-20
2025,479,CH-12,SLU-21
8260,1755,CH-12,UD-01
5694,1360,CH-12,UD-02
5332,1256,CH-12,UD-04
6024,1520,CH-12,UD-07
6705,1595,CH-12,UW-01
6319,1651,CH-12,UW-02
5593,1298,CH-12,UW-04
6381,1485,CH-12,UW-06
7291,1630,CH-12,UW-07
6306,1435,CH-12,UW-10
2688,721,CH-12,WF-01
2244,670,CH-12,WF-04
853,356,CH-12,CH-16
2229,576,CH-12,SLU-22
6624,1510,CH-12,UW-11
2069,607,CH-12,WF-03
1600,362,CH-12,Pronto shop
4048,965,CH-15,BT-01
3769,848,CH-15,BT-03
3092,641,CH-15,BT-04
3324,749,CH-15,BT-05
2625,575,CH-15,CBD-03
2928,657,CH-15,CBD-04
3706,877,CH-15,CBD-05
3434,758,CH-15,CBD-06
3793,1046,CH-15,CBD-07
2880,646,CH-15,CBD-13
2452,436,CH-15,CD-01
1170,247,CH-15,CH-01
577,100,CH-15,CH-02
762,136,CH-15,CH-03
700,211,CH-15,CH-05
623,110,CH-15,CH-06
1380,351,CH-15,CH-07
1060,167,CH-15,CH-08
1413,286,CH-15,CH-09
1759,332,CH-15,CH-12
0,0,CH-15,CH-15
2957,629,CH-15,DPD-01
8761,1896,CH-15,DPD-03
2294,635,CH-15,EL-01
2643,644,CH-15,EL-03
3256,681,CH-15,EL-05
2388,572,CH-15,FH-01
1670,327,CH-15,FH-04
3568,662,CH-15,ID-04
4120,842,CH-15,PS-04
4013,798,CH-15,PS-05
1868,404,CH-15,SLU-01
4483,993,CH-15,SLU-02
2722,536,CH-15,SLU-04
3217,708,CH-15,SLU-07
2699,551,CH-15,SLU-15
2152,429,CH-15,SLU-16
3259,652,CH-15,SLU-17
3218,706,CH-15,SLU-18
4783,1159,CH-15,SLU-19
1987,469,CH-15,SLU-20
2985,622,CH-15,SLU-21
7150,1455,CH-15,UD-01
4584,1060,CH-15,UD-02
4222,956,CH-15,UD-04
4914,1220,CH-15,UD-07
5594,1294,CH-15,UW-01
5208,1351,CH-15,UW-02
4483,998,CH-15,UW-04
5271,1185,CH-15,UW-06
4621,1037,CH-15,UW-07
5196,1135,CH-15,UW-10
4395,1039,CH-15,WF-01
3951,987,CH-15,WF-04
910,212,CH-15,CH-16
3936,893,CH-15,SLU-22
5514,1209,CH-15,UW-11
3776,924,CH-15,WF-03
3170,700,CH-15,Pronto shop
1558,543,DPD-01,BT-01
1600,538,DPD-01,BT-03
1325,376,DPD-01,BT-04
1455,508,DPD-01,BT-05
1819,618,DPD-01,CBD-03
2110,723,DPD-01,CBD-04
2730,799,DPD-01,CBD-05
2483,756,DPD-01,CBD-06
3181,1111,DPD-01,CBD-07
1929,644,DPD-01,CBD-13
4173,1321,DPD-01,CD-01
2459,932,DPD-01,CH-01
3190,1219,DPD-01,CH-02
2453,956,DPD-01,CH-03
3618,1373,DPD-01,CH-05
3074,1165,DPD-01,CH-06
3092,1275,DPD-01,CH-07
2636,1043,DPD-01,CH-08
2346,946,DPD-01,CH-09
1990,769,DPD-01,CH-12
3697,1327,DPD-01,CH-15
0,0,DPD-01,DPD-01
10654,2280,DPD-01,DPD-03
783,217,DPD-01,EL-01
1852,515,DPD-01,EL-03
3437,847,DPD-01,EL-05
2742,1053,DPD-01,FH-01
3391,1213,DPD-01,FH-04
3684,1260,DPD-01,ID-04
3213,1043,DPD-01,PS-04
3381,1100,DPD-01,PS-05
1186,375,DPD-01,SLU-01
580,208,DPD-01,SLU-02
237,86,DPD-01,SLU-04
717,200,DPD-01,SLU-07
1451,430,DPD-01,SLU-15
1546,581,DPD-01,SLU-16
480,170,DPD-01,SLU-17
887,265,DPD-01,SLU-18
1660,493,DPD-01,SLU-19
1527,470,DPD-01,SLU-20
220,111,DPD-01,SLU-21
9044,1839,DPD-01,UD-01
7048,1634,DPD-01,UD-02
6470,1447,DPD-01,UD-04
7237,1794,DPD-01,UD-07
8281,1853,DPD-01,UW-01
7496,1836,DPD-01,UW-02
6886,1531,DPD-01,UW-04
7642,1681,DPD-01,UW-06
8074,1713,DPD-01,UW-07
6971,1485,DPD-01,UW-10
2278,763,DPD-01,WF-01
2353,811,DPD-01,WF-04
2791,1082,DPD-01,CH-16
951,281,DPD-01,SLU-22
7407,1593,DPD-01,UW-11
2136,735,DPD-01,WF-03
825,255,DPD-01,Pronto shop
12824,2907,DPD-03,BT-01
13339,3007,DPD-03,BT-03
12776,2828,DPD-03,BT-04
11057,2682,DPD-03,BT-05
13270,3070,DPD-03,CBD-03
13561,3175,DPD-03,CBD-04
12331,2973,DPD-03,CBD-05
12084,2930,DPD-03,CBD-06
11661,3186,DPD-03,CBD-07
11531,2818,DPD-03,CBD-13
10841,2714,DPD-03,CD-01
9038,2387,DPD-03,CH-01
8431,2240,DPD-03,CH-02
8594,2286,DPD-03,CH-03
8961,2431,DPD-03,CH-05
9012,2389,DPD-03,CH-06
8784,2334,DPD-03,CH-07
9249,2386,DPD-03,CH-08
9224,2417,DPD-03,CH-09
9631,2490,DPD-03,CH-12
8397,2302,DPD-03,CH-15
9601,2174,DPD-03,DPD-01
0,0,DPD-03,DPD-03
8819,1909,DPD-03,EL-01
7860,1720,DPD-03,EL-03
5752,1309,DPD-03,EL-05
10256,2712,DPD-03,FH-01
10059,2606,DPD-03,FH-04
11957,2941,DPD-03,ID-04
11719,3085,DPD-03,PS-04
11853,3157,DPD-03,PS-05
10010,2298,DPD-03,SLU-01
11081,2332,DPD-03,SLU-02
9641,2140,DPD-03,SLU-04
10318,2374,DPD-03,SLU-07
10382,2460,DPD-03,SLU-15
10024,2586,DPD-03,SLU-16
9168,1973,DPD-03,SLU-17
12252,2705,DPD-03,SLU-18
12636,2792,DPD-03,SLU-19
9984,2391,DPD-03,SLU-20
9553,2080,DPD-03,SLU-21
1621,382,DPD-03,UD-01
4677,1122,DPD-03,UD-02
4558,1011,DPD-03,UD-04
3930,1105,DPD-03,UD-07
3171,817,DPD-03,UW-01
4892,1188,DPD-03,UW-02
4327,952,DPD-03,UW-04
3903,871,DPD-03,UW-06
2296,484,DPD-03,UW-07
4333,880,DPD-03,UW-10
14433,3138,DPD-03,WF-01
11954,2985,DPD-03,WF-04
8778,2352,DPD-03,CH-16
12216,2691,DPD-03,SLU-22
3704,806,DPD-03,UW-11
14769,3217,DPD-03,WF-03
10427,2429,DPD-03,Pronto shop
2338,816,EL-01,BT-01
2383,802,EL-01,BT-03
2107,641,EL-01,BT-04
2238,772,EL-01,BT-05
2601,882,EL-01,CBD-03
2892,988,EL-01,CBD-04
3512,1064,EL-01,CBD-05
3265,1021,EL-01,CBD-06
3964,1375,EL-01,CBD-07
2712,908,EL-01,CBD-13
4456,1465,EL-01,CD-01
2742,1075,EL-01,CH-01
2369,1154,EL-01,CH-02
1930,958,EL-01,CH-03
3901,1516,EL-01,CH-05
3357,1309,EL-01,CH-06
3375,1418,EL-01,CH-07
2919,1186,EL-01,CH-08
2629,1089,EL-01,CH-09
2273,912,EL-01,CH-12
2464,1258,EL-01,CH-15
783,265,EL-01,DPD-01
10983,2256,EL-01,DPD-03
0,0,EL-01,EL-01
1085,349,EL-01,EL-03
2669,681,EL-01,EL-05
3524,1318,EL-01,FH-01
3674,1356,EL-01,FH-04
4467,1525,EL-01,ID-04
3996,1308,EL-01,PS-04
4164,1364,EL-01,PS-05
1233,422,EL-01,SLU-01
1112,323,EL-01,SLU-02
863,265,EL-01,SLU-04
1500,465,EL-01,SLU-07
2234,695,EL-01,SLU-15
1828,724,EL-01,SLU-16
340,62,EL-01,SLU-17
1669,530,EL-01,SLU-18
2150,701,EL-01,SLU-19
1435,520,EL-01,SLU-20
740,222,EL-01,SLU-21
9373,1815,EL-01,UD-01
7377,1609,EL-01,UD-02
6799,1422,EL-01,UD-04
4440,1288,EL-01,UD-07
8610,1829,EL-01,UW-01
7825,1811,EL-01,UW-02
7215,1507,EL-01,UW-04
7971,1657,EL-01,UW-06
8403,1689,EL-01,UW-07
7300,1461,EL-01,UW-10
3947,1047,EL-01,WF-01
3135,1076,EL-01,WF-04
3074,1225,EL-01,CH-16
1733,545,EL-01,SLU-22
7736,1569,EL-01,UW-11
2919,1000,EL-01,WF-03
1608,520,EL-01,Pronto shop
3340,1017,EL-03,BT-01
3385,1003,EL-03,BT-03
3109,842,EL-03,BT-04
3240,974,EL-03,BT-05
3603,1083,EL-03,CBD-03
3894,1189,EL-03,CBD-04
4514,1265,EL-03,CBD-05
4267,1222,EL-03,CBD-06
4966,1576,EL-03,CBD-07
3714,1109,EL-03,CBD-13
5430,1512,EL-03,CD-01
2691,1012,EL-03,CH-01
2597,1056,EL-03,CH-02
2158,860,EL-03,CH-03
3549,1223,EL-03,CH-05
3601,1187,EL-03,CH-06
4229,1363,EL-03,CH-07
3838,1184,EL-03,CH-08
3589,1256,EL-03,CH-09
3233,1080,EL-03,CH-12
2986,1100,EL-03,CH-15
1785,466,EL-03,DPD-01
7718,1850,EL-03,DPD-03
1002,201,EL-03,EL-01
0,0,EL-03,EL-03
1944,509,EL-03,EL-05
4526,1519,EL-03,FH-01
4647,1404,EL-03,FH-04
5469,1726,EL-03,ID-04
4998,1509,EL-03,PS-04
5166,1565,EL-03,PS-05
2193,590,EL-03,SLU-01
2114,524,EL-03,SLU-02
1824,432,EL-03,SLU-04
2502,666,EL-03,SLU-07
2788,792,EL-03,SLU-15
2789,891,EL-03,SLU-16
1351,265,EL-03,SLU-17
2671,731,EL-03,SLU-18
3152,902,EL-03,SLU-19
2391,724,EL-03,SLU-20
1736,372,EL-03,SLU-21
6107,1409,EL-03,UD-01
3541,1014,EL-03,UD-02
3179,910,EL-03,UD-04
3871,1174,EL-03,UD-07
4552,1248,EL-03,UW-01
4166,1305,EL-03,UW-02
3440,952,EL-03,UW-04
4228,1139,EL-03,UW-06
5138,1283,EL-03,UW-07
3896,1041,EL-03,UW-10
4949,1248,EL-03,WF-01
4137,1277,EL-03,WF-04
2944,1168,EL-03,CH-16
2735,746,EL-03,SLU-22
4471,1163,EL-03,UW-11
3921,1201,EL-03,WF-03
2610,721,EL-03,Pronto shop
5368,1439,EL-05,BT-01
5412,1425,EL-05,BT-03
5136,1263,EL-05,BT-04
5267,1395,EL-05,BT-05
5631,1505,EL-05,CBD-03
5921,1611,EL-05,CBD-04
6541,1686,EL-05,CBD-05
6295,1643,EL-05,CBD-06
6993,1998,EL-05,CBD-07
5741,1531,EL-05,CBD-13
6364,1647,EL-05,CD-01
4561,1320,EL-05,CH-01
3953,1172,EL-05,CH-02
3276,965,EL-05,CH-03
4483,1363,EL-05,CH-05
4535,1321,EL-05,CH-06
5163,1503,EL-05,CH-07
4772,1319,EL-05,CH-08
4747,1349,EL-05,CH-09
4259,1215,EL-05,CH-12
3920,1234,EL-05,CH-15
3812,887,EL-05,DPD-01
5618,1283,EL-05,DPD-03
3029,623,EL-05,EL-01
2071,433,EL-05,EL-03
0,0,EL-05,EL-05
5779,1644,EL-05,FH-01
5581,1538,EL-05,FH-04
7480,1873,EL-05,ID-04
7025,1930,EL-05,PS-04
7193,1987,EL-05,PS-05
3493,821,EL-05,SLU-01
4142,946,EL-05,SLU-02
3851,854,EL-05,SLU-04
4529,1087,EL-05,SLU-07
4329,1051,EL-05,SLU-15
4486,1228,EL-05,SLU-16
3379,686,EL-05,SLU-17
4699,1152,EL-05,SLU-18
5180,1323,EL-05,SLU-19
3931,983,EL-05,SLU-20
3764,794,EL-05,SLU-21
4007,842,EL-05,UD-01
1441,446,EL-05,UD-02
1079,342,EL-05,UD-04
1771,606,EL-05,UD-07
2452,681,EL-05,UW-01
2066,738,EL-05,UW-02
1340,385,EL-05,UW-04
2128,571,EL-05,UW-06
3038,716,EL-05,UW-07
1796,473,EL-05,UW-10
6977,1670,EL-05,WF-01
6165,1698,EL-05,WF-04
4301,1285,EL-05,CH-16
4763,1168,EL-05,SLU-22
2371,596,EL-05,UW-11
5948,1622,EL-05,WF-03
4637,1143,EL-05,Pronto shop
2845,791,FH-01,BT-01
2567,672,FH-01,BT-03
1883,469,FH-01,BT-04
2122,573,FH-01,BT-05
1109,272,FH-01,CBD-03
1189,283,FH-01,CBD-04
1540,484,FH-01,CBD-05
1263,363,FH-01,CBD-06
783,388,FH-01,CBD-07
1649,460,FH-01,CBD-13
1208,343,FH-01,CD-01
1671,438,FH-01,CH-01
1877,581,FH-01,CH-02
2333,649,FH-01,CH-03
2305,745,FH-01,CH-05
1761,537,FH-01,CH-06
1779,647,FH-01,CH-07
1323,415,FH-01,CH-08
1201,336,FH-01,CH-09
1093,292,FH-01,CH-12
2388,705,FH-01,CH-15
2575,669,FH-01,DPD-01
10620,2458,FH-01,DPD-03
2934,764,FH-01,EL-01
4130,1070,FH-01,EL-03
5241,1184,FH-01,EL-05
0,0,FH-01,FH-01
933,311,FH-01,FH-04
2103,409,FH-01,ID-04
1690,433,FH-01,PS-04
1824,506,FH-01,PS-05
1896,531,FH-01,SLU-01
3143,850,FH-01,SLU-02
2572,693,FH-01,SLU-04
2012,548,FH-01,SLU-07
1491,379,FH-01,SLU-15
1199,323,FH-01,SLU-16
3055,838,FH-01,SLU-17
2014,546,FH-01,SLU-18
3581,983,FH-01,SLU-19
1557,448,FH-01,SLU-20
2916,781,FH-01,SLU-21
9009,2018,FH-01,UD-01
6443,1622,FH-01,UD-02
6081,1518,FH-01,UD-04
6772,1782,FH-01,UD-07
7453,1857,FH-01,UW-01
7067,1913,FH-01,UW-02
6342,1560,FH-01,UW-04
7129,1747,FH-01,UW-06
7241,1833,FH-01,UW-07
7055,1697,FH-01,UW-10
3193,862,FH-01,WF-01
2561,650,FH-01,WF-04
1478,444,FH-01,CH-16
2727,721,FH-01,SLU-22
7373,1772,FH-01,UW-11
3253,848,FH-01,WF-03
1965,539,FH-01,Pronto shop
3742,1045,FH-04,BT-01
3463,928,FH-04,BT-03
2785,721,FH-04,BT-04
3018,829,FH-04,BT-05
2043,602,FH-04,CBD-03
2123,613,FH-04,CBD-04
2447,752,FH-04,CBD-05
2197,693,FH-04,CBD-06
2519,693,FH-04,CBD-07
2574,726,FH-04,CBD-13
804,165,FH-04,CD-01
1688,489,FH-04,CH-01
1763,507,FH-04,CH-02
2255,579,FH-04,CH-03
1591,524,FH-04,CH-05
1047,331,FH-04,CH-06
1065,426,FH-04,CH-07
803,269,FH-04,CH-08
1107,366,FH-04,CH-09
1453,412,FH-04,CH-12
1670,493,FH-04,CH-15
3473,908,FH-04,DPD-01
9518,2206,FH-04,DPD-03
3443,859,FH-04,EL-01
4296,1138,FH-04,EL-03
4918,1154,FH-04,EL-05
974,411,FH-04,FH-01
0,0,FH-04,FH-04
1920,392,FH-04,ID-04
2472,571,FH-04,PS-04
2364,527,FH-04,PS-05
2308,658,FH-04,SLU-01
4177,1073,FH-04,SLU-02
3470,933,FH-04,SLU-04
2911,788,FH-04,SLU-07
2393,631,FH-04,SLU-15
1845,508,FH-04,SLU-16
3700,906,FH-04,SLU-17
2912,786,FH-04,SLU-18
4477,1239,FH-04,SLU-19
2144,702,FH-04,SLU-20
3426,876,FH-04,SLU-21
7908,1765,FH-04,UD-01
6246,1532,FH-04,UD-02
5883,1428,FH-04,UD-04
6575,1692,FH-04,UD-07
7256,1767,FH-04,UW-01
6870,1823,FH-04,UW-02
6145,1470,FH-04,UW-04
6491,1586,FH-04,UW-06
6284,1478,FH-04,UW-07
6858,1607,FH-04,UW-10
4387,1247,FH-04,WF-01
3074,874,FH-04,WF-04
1351,401,FH-04,CH-16
3629,973,FH-04,SLU-22
5858,1432,FH-04,UW-11
3766,1072,FH-04,WF-03
2864,779,FH-04,Pronto shop
3473,1212,ID-04,BT-01
2873,1020,ID-04,BT-03
2578,1010,ID-04,BT-04
2428,921,ID-04,BT-05
2105,872,ID-04,CBD-03
1576,718,ID-04,CBD-04
1281,457,ID-04,CBD-05
1400,578,ID-04,CBD-06
811,383,ID-04,CBD-07
1953,776,ID-04,CBD-13
1120,513,ID-04,CD-01
3596,1211,ID-04,CH-01
3671,1230,ID-04,CH-02
4163,1302,ID-04,CH-03
3498,1247,ID-04,CH-05
2955,1054,ID-04,CH-06
2973,1149,ID-04,CH-07
2711,992,ID-04,CH-08
3015,1088,ID-04,CH-09
3361,1135,ID-04,CH-12
3578,1216,ID-04,CH-15
3594,1223,ID-04,DPD-01
11415,2928,ID-04,DPD-03
3958,1363,ID-04,EL-01
4993,1621,ID-04,EL-03
6825,1876,ID-04,EL-05
1412,744,ID-04,FH-01
1929,753,ID-04,FH-04
0,0,ID-04,ID-04
774,243,ID-04,PS-04
482,138,ID-04,PS-05
3310,1256,ID-04,SLU-01
3970,1361,ID-04,SLU-02
3591,1248,ID-04,SLU-04
3032,1103,ID-04,SLU-07
2245,920,ID-04,SLU-15
2343,978,ID-04,SLU-16
4074,1393,ID-04,SLU-17
2913,1068,ID-04,SLU-18
3887,1332,ID-04,SLU-19
2695,1033,ID-04,SLU-20
3814,1334,ID-04,SLU-21
9804,2487,ID-04,UD-01
8154,2255,ID-04,UD-02
7791,2151,ID-04,UD-04
8483,2415,ID-04,UD-07
9164,2489,ID-04,UW-01
8778,2546,ID-04,UW-02
8053,2193,ID-04,UW-04
8388,2308,ID-04,UW-06
8180,2199,ID-04,UW-07
8766,2330,ID-04,UW-10
3188,897,ID-04,WF-01
1875,541,ID-04,WF-04
3259,1123,ID-04,CH-16
3335,1167,ID-04,SLU-22
7754,2153,ID-04,UW-11
2566,722,ID-04,WF-03
2793,1048,ID-04,Pronto shop
2789,982,PS-04,BT-01
2188,790,PS-04,BT-03
2175,847,PS-04,BT-04
1743,691,PS-04,BT-05
1767,703,PS-04,CBD-03
1570,632,PS-04,CBD-04
507,214,PS-04,CBD-05
716,348,PS-04,CBD-06
625,282,PS-04,CBD-07
1269,546,PS-04,CBD-13
1353,637,PS-04,CD-01
2919,1160,PS-04,CH-01
3292,1245,PS-04,CH-02
3747,1314,PS-04,CH-03
3720,1409,PS-04,CH-05
3176,1202,PS-04,CH-06
3194,1311,PS-04,CH-07
2738,1080,PS-04,CH-08
2645,1060,PS-04,CH-09
2450,998,PS-04,CH-12
3803,1370,PS-04,CH-15
3191,1060,PS-04,DPD-01
13846,3340,PS-04,DPD-03
3555,1200,PS-04,EL-01
4590,1458,PS-04,EL-03
6485,1839,PS-04,EL-05
1641,762,PS-04,FH-01
2162,877,PS-04,FH-04
732,292,PS-04,ID-04
0,0,PS-04,PS-04
429,130,PS-04,PS-05
2907,1093,PS-04,SLU-01
3567,1198,PS-04,SLU-02
3188,1085,PS-04,SLU-04
2629,940,PS-04,SLU-07
1907,751,PS-04,SLU-15
2005,809,PS-04,SLU-16
3671,1230,PS-04,SLU-17
2510,904,PS-04,SLU-18
3202,1102,PS-04,SLU-19
2356,857,PS-04,SLU-20
3411,1171,PS-04,SLU-21
12235,2899,PS-04,UD-01
7858,2287,PS-04,UD-02
7495,2183,PS-04,UD-04
8187,2447,PS-04,UD-07
8868,2521,PS-04,UW-01
8482,2578,PS-04,UW-02
7757,2225,PS-04,UW-04
10833,2741,PS-04,UW-06
11266,2773,PS-04,UW-07
10162,2545,PS-04,UW-10
2416,647,PS-04,WF-01
1103,291,PS-04,WF-04
2893,1108,PS-04,CH-16
2935,1008,PS-04,SLU-22
10599,2653,PS-04,UW-11
1795,471,PS-04,WF-03
2390,885,PS-04,Pronto shop
3129,1065,PS-05,BT-01
2529,873,PS-05,BT-03
2515,930,PS-05,BT-04
2083,774,PS-05,BT-05
2107,786,PS-05,CBD-03
1425,627,PS-05,CBD-04
937,310,PS-05,CBD-05
1056,431,PS-05,CBD-06
660,292,PS-05,CBD-07
1609,629,PS-05,CBD-13
1366,652,PS-05,CD-01
3259,1243,PS-05,CH-01
3632,1329,PS-05,CH-02
4087,1397,PS-05,CH-03
3744,1386,PS-05,CH-05
3200,1194,PS-05,CH-06
3218,1288,PS-05,CH-07
3078,1163,PS-05,CH-08
2985,1143,PS-05,CH-09
2790,1081,PS-05,CH-12
3823,1356,PS-05,CH-15
3531,1143,PS-05,DPD-01
14186,3423,PS-05,DPD-03
3895,1283,PS-05,EL-01
4930,1541,PS-05,EL-03
6825,1922,PS-05,EL-05
1981,846,PS-05,FH-01
2175,892,PS-05,FH-04
473,175,PS-05,ID-04
429,96,PS-05,PS-04
0,0,PS-05,PS-05
3247,1176,PS-05,SLU-01
3907,1281,PS-05,SLU-02
3528,1168,PS-05,SLU-04
2969,1023,PS-05,SLU-07
2247,834,PS-05,SLU-15
2345,892,PS-05,SLU-16
4011,1313,PS-05,SLU-17
2850,988,PS-05,SLU-18
3543,1185,PS-05,SLU-19
2696,940,PS-05,SLU-20
3751,1254,PS-05,SLU-21
12575,2982,PS-05,UD-01
8198,2370,PS-05,UD-02
7835,2266,PS-05,UD-04
8527,2530,PS-05,UD-07
9208,2604,PS-05,UW-01
8822,2661,PS-05,UW-02
8097,2308,PS-05,UW-04
11173,2825,PS-05,UW-06
8426,2339,PS-05,UW-07
10502,2629,PS-05,UW-10
2843,750,PS-05,WF-01
1530,394,PS-05,WF-04
3233,1191,PS-05,CH-16
3275,1091,PS-05,SLU-22
10939,2736,PS-05,UW-11
2222,575,PS-05,WF-03
2730,968,PS-05,Pronto shop
2306,698,SLU-01,BT-01
2085,613,SLU-01,BT-03
1291,351,SLU-01,BT-04
1640,513,SLU-01,BT-05
1266,470,SLU-01,CBD-03
1557,575,SLU-01,CBD-04
2206,725,SLU-01,CBD-05
1933,606,SLU-01,CBD-06
2632,960,SLU-01,CBD-07
1380,493,SLU-01,CBD-13
3540,1146,SLU-01,CD-01
1050,624,SLU-01,CH-01
2179,859,SLU-01,CH-02
1739,663,SLU-01,CH-03
2985,1198,SLU-01,CH-05
2441,990,SLU-01,CH-06
2459,1100,SLU-01,CH-07
2003,868,SLU-01,CH-08
1712,771,SLU-01,CH-09
1357,594,SLU-01,CH-12
2274,963,SLU-01,CH-15
1186,242,SLU-01,DPD-01
11752,2408,SLU-01,DPD-03
1229,234,SLU-01,EL-01
2031,478,SLU-01,EL-03
3493,777,SLU-01,EL-05
2189,905,SLU-01,FH-01
2758,1038,SLU-01,FH-04
3135,1110,SLU-01,ID-04
2664,893,SLU-01,PS-04
2832,949,SLU-01,PS-05
0,0,SLU-01,SLU-01
1767,450,SLU-01,SLU-02
951,149,SLU-01,SLU-04
1142,321,SLU-01,SLU-07
898,261,SLU-01,SLU-15
912,405,SLU-01,SLU-16
1485,280,SLU-01,SLU-17
1359,366,SLU-01,SLU-18
2345,648,SLU-01,SLU-19
501,192,SLU-01,SLU-20
1211,250,SLU-01,SLU-21
10142,1967,SLU-01,UD-01
4934,1223,SLU-01,UD-02
4571,1119,SLU-01,UD-04
5263,1383,SLU-01,UD-07
5944,1458,SLU-01,UW-01
5558,1514,SLU-01,UW-02
4833,1161,SLU-01,UW-04
5620,1348,SLU-01,UW-06
9172,1841,SLU-01,UW-07
8069,1613,SLU-01,UW-10
2763,838,SLU-01,WF-01
2341,793,SLU-01,WF-04
2158,906,SLU-01,CH-16
1636,436,SLU-01,SLU-22
8505,1721,SLU-01,UW-11
2166,730,SLU-01,WF-03
1311,359,SLU-01,Pronto shop
1743,575,SLU-02,BT-01
2258,674,SLU-02,BT-03
1696,496,SLU-02,BT-04
1826,629,SLU-02,BT-05
2190,737,SLU-02,CBD-03
2481,843,SLU-02,CBD-04
3101,920,SLU-02,CBD-05
2854,877,SLU-02,CBD-06
3552,1231,SLU-02,CBD-07
2300,764,SLU-02,CBD-13
4799,1466,SLU-02,CD-01
3085,1076,SLU-02,CH-01
3816,1364,SLU-02,CH-02
3033,1135,SLU-02,CH-03
4244,1518,SLU-02,CH-05
3700,1310,SLU-02,CH-06
3718,1420,SLU-02,CH-07
3262,1188,SLU-02,CH-08
2972,1090,SLU-02,CH-09
2616,914,SLU-02,CH-12
4323,1472,SLU-02,CH-15
580,180,SLU-02,DPD-01
10073,2143,SLU-02,DPD-03
1112,261,SLU-02,EL-01
2182,559,SLU-02,EL-03
3767,891,SLU-02,EL-05
3113,1173,SLU-02,FH-01
4017,1357,SLU-02,FH-04
4055,1381,SLU-02,ID-04
3584,1164,SLU-02,PS-04
3752,1220,SLU-02,PS-05
1767,555,SLU-02,SLU-01
0,0,SLU-02,SLU-02
817,266,SLU-02,SLU-04
1297,380,SLU-02,SLU-07
1822,550,SLU-02,SLU-15
2172,725,SLU-02,SLU-16
810,214,SLU-02,SLU-17
1171,373,SLU-02,SLU-18
1555,460,SLU-02,SLU-19
2210,642,SLU-02,SLU-20
944,261,SLU-02,SLU-21
8462,1702,SLU-02,UD-01
6467,1497,SLU-02,UD-02
5888,1309,SLU-02,UD-04
6655,1656,SLU-02,UD-07
7699,1716,SLU-02,UW-01
6914,1699,SLU-02,UW-02
6305,1394,SLU-02,UW-04
7060,1544,SLU-02,UW-06
7493,1576,SLU-02,UW-07
6389,1348,SLU-02,UW-10
3352,806,SLU-02,WF-01
2724,932,SLU-02,WF-04
3418,1226,SLU-02,CH-16
1136,358,SLU-02,SLU-22
6826,1456,SLU-02,UW-11
3688,885,SLU-02,WF-03
1196,376,SLU-02,Pronto shop
1554,597,SLU-04,BT-01
1597,597,SLU-04,BT-03
1321,436,SLU-04,BT-04
1452,567,SLU-04,BT-05
1815,677,SLU-04,CBD-03
2106,783,SLU-04,CBD-04
2726,859,SLU-04,CBD-05
2479,816,SLU-04,CBD-06
3178,1170,SLU-04,CBD-07
1926,703,SLU-04,CBD-13
4170,1381,SLU-04,CD-01
2456,991,SLU-04,CH-01
2657,1064,SLU-04,CH-02
2217,868,SLU-04,CH-03
3615,1432,SLU-04,CH-05
3071,1225,SLU-04,CH-06
3089,1334,SLU-04,CH-07
2633,1103,SLU-04,CH-08
2342,1005,SLU-04,CH-09
1987,828,SLU-04,CH-12
2752,1168,SLU-04,CH-15
237,94,SLU-04,DPD-01
10892,2374,SLU-04,DPD-03
859,242,SLU-04,EL-01
1894,500,SLU-04,EL-03
3479,832,SLU-04,EL-05
2738,1112,SLU-04,FH-01
3388,1272,SLU-04,FH-04
3681,1320,SLU-04,ID-04
3210,1102,SLU-04,PS-04
3378,1159,SLU-04,PS-05
951,287,SLU-04,SLU-01
817,302,SLU-04,SLU-02
0,0,SLU-04,SLU-04
714,259,SLU-04,SLU-07
1448,490,SLU-04,SLU-15
1542,640,SLU-04,SLU-16
561,175,SLU-04,SLU-17
883,324,SLU-04,SLU-18
1656,548,SLU-04,SLU-19
1452,479,SLU-04,SLU-20
842,259,SLU-04,SLU-21
9281,1933,SLU-04,UD-01
7285,1728,SLU-04,UD-02
6707,1540,SLU-04,UD-04
5250,1439,SLU-04,UD-07
8518,1947,SLU-04,UW-01
7733,1930,SLU-04,UW-02
7124,1625,SLU-04,UW-04
7879,1775,SLU-04,UW-06
8311,1807,SLU-04,UW-07
7208,1579,SLU-04,UW-10
2275,823,SLU-04,WF-01
2349,870,SLU-04,WF-04
2788,1141,SLU-04,CH-16
947,335,SLU-04,SLU-22
7645,1687,SLU-04,UW-11
2133,794,SLU-04,WF-03
822,315,SLU-04,Pronto shop
987,445,SLU-07,BT-01
1324,441,SLU-07,BT-03
570,190,SLU-07,BT-04
917,376,SLU-07,BT-05
1064,432,SLU-07,CBD-03
1355,537,SLU-07,CBD-04
2085,734,SLU-07,CBD-05
1813,615,SLU-07,CBD-06
2511,970,SLU-07,CBD-07
1259,503,SLU-07,CBD-13
3419,1134,SLU-07,CD-01
1705,744,SLU-07,CH-01
2436,1032,SLU-07,CH-02
2238,914,SLU-07,CH-03
2864,1186,SLU-07,CH-05
2320,978,SLU-07,CH-06
2338,1088,SLU-07,CH-07
1882,856,SLU-07,CH-08
1592,759,SLU-07,CH-09
1236,582,SLU-07,CH-12
2943,1140,SLU-07,CH-15
717,185,SLU-07,DPD-01
11371,2465,SLU-07,DPD-03
1500,402,SLU-07,EL-01
2569,699,SLU-07,EL-03
4154,1032,SLU-07,EL-05
1934,899,SLU-07,FH-01
2637,1026,SLU-07,FH-04
3014,1119,SLU-07,ID-04
2543,902,SLU-07,PS-04
2711,958,SLU-07,PS-05
1053,364,SLU-07,SLU-01
1297,393,SLU-07,SLU-02
714,209,SLU-07,SLU-04
0,0,SLU-07,SLU-07
549,171,SLU-07,SLU-15
792,394,SLU-07,SLU-16
1197,354,SLU-07,SLU-17
598,165,SLU-07,SLU-18
1615,526,SLU-07,SLU-19
773,283,SLU-07,SLU-20
937,295,SLU-07,SLU-21
9761,2024,SLU-07,UD-01
7765,1818,SLU-07,UD-02
7187,1631,SLU-07,UD-04
7954,1978,SLU-07,UD-07
8998,2038,SLU-07,UW-01
8213,2020,SLU-07,UW-02
7603,1716,SLU-07,UW-04
8359,1866,SLU-07,UW-06
8791,1898,SLU-07,UW-07
7688,1670,SLU-07,UW-10
2002,666,SLU-07,WF-01
1599,647,SLU-07,WF-04
2037,895,SLU-07,CH-16
906,314,SLU-07,SLU-22
8124,1778,SLU-07,UW-11
1860,638,SLU-07,WF-03
549,158,SLU-07,Pronto shop
1412,435,SLU-15,BT-01
1191,350,SLU-15,BT-03
393,90,SLU-15,BT-04
746,251,SLU-15,BT-05
704,312,SLU-15,CBD-03
605,247,SLU-15,CBD-04
1312,463,SLU-15,CBD-05
1039,344,SLU-15,CBD-06
1737,698,SLU-15,CBD-07
486,231,SLU-15,CBD-13
3314,1035,SLU-15,CD-01
1599,645,SLU-15,CH-01
2331,932,SLU-15,CH-02
2133,815,SLU-15,CH-03
2759,1086,SLU-15,CH-05
2215,879,SLU-15,CH-06
2233,988,SLU-15,CH-07
1777,757,SLU-15,CH-08
1486,659,SLU-15,CH-09
1131,483,SLU-15,CH-12
2838,1041,SLU-15,CH-15
1409,303,SLU-15,DPD-01
12063,2583,SLU-15,DPD-03
1772,449,SLU-15,EL-01
2807,707,SLU-15,EL-03
4392,1040,SLU-15,EL-05
1627,747,SLU-15,FH-01
2532,926,SLU-15,FH-04
2240,848,SLU-15,ID-04
1770,630,SLU-15,PS-04
1937,687,SLU-15,PS-05
1124,343,SLU-15,SLU-01
1784,441,SLU-15,SLU-02
1405,328,SLU-15,SLU-04
846,183,SLU-15,SLU-07
0,0,SLU-15,SLU-15
686,294,SLU-15,SLU-16
1889,473,SLU-15,SLU-17
727,148,SLU-15,SLU-18
1946,554,SLU-15,SLU-19
844,262,SLU-15,SLU-20
1628,414,SLU-15,SLU-21
10452,2142,SLU-15,UD-01
8457,1937,SLU-15,UD-02
7878,1750,SLU-15,UD-04
6163,1646,SLU-15,UD-07
9689,2157,SLU-15,UW-01
8904,2139,SLU-15,UW-02
8295,1834,SLU-15,UW-04
9050,1985,SLU-15,UW-06
9483,2017,SLU-15,UW-07
8379,1789,SLU-15,UW-10
1864,592,SLU-15,WF-01
1447,531,SLU-15,WF-04
1932,795,SLU-15,CH-16
1237,342,SLU-15,SLU-22
8816,1897,SLU-15,UW-11
1272,467,SLU-15,WF-03
607,128,SLU-15,Pronto shop
1896,536,SLU-16,BT-01
1617,419,SLU-16,BT-03
940,213,SLU-16,BT-04
1172,320,SLU-16,BT-05
473,146,SLU-16,CBD-03
776,228,SLU-16,CBD-04
1555,449,SLU-16,CBD-05
1282,330,SLU-16,CBD-06
1961,703,SLU-16,CBD-07
729,217,SLU-16,CBD-13
2628,741,SLU-16,CD-01
913,351,SLU-16,CH-01
1644,638,SLU-16,CH-02
1446,521,SLU-16,CH-03
2073,792,SLU-16,CH-05
1529,585,SLU-16,CH-06
1547,694,SLU-16,CH-07
1091,463,SLU-16,CH-08
800,365,SLU-16,CH-09
445,188,SLU-16,CH-12
2152,747,SLU-16,CH-15
1628,400,SLU-16,DPD-01
10098,2313,SLU-16,DPD-03
1987,496,SLU-16,EL-01
3022,754,SLU-16,EL-03
4480,1030,SLU-16,EL-05
1199,523,SLU-16,FH-01
1845,632,SLU-16,FH-04
2483,834,SLU-16,ID-04
2013,616,SLU-16,PS-04
2180,673,SLU-16,PS-05
1339,389,SLU-16,SLU-01
2332,564,SLU-16,SLU-02
1625,425,SLU-16,SLU-04
1065,280,SLU-16,SLU-07
547,123,SLU-16,SLU-15
0,0,SLU-16,SLU-16
2108,570,SLU-16,SLU-17
1067,278,SLU-16,SLU-18
2631,731,SLU-16,SLU-19
610,179,SLU-16,SLU-20
1969,513,SLU-16,SLU-21
8487,1872,SLU-16,UD-01
5921,1477,SLU-16,UD-02
5559,1372,SLU-16,UD-04
6251,1636,SLU-16,UD-07
6932,1711,SLU-16,UW-01
6545,1768,SLU-16,UW-02
5820,1415,SLU-16,UW-04
6608,1601,SLU-16,UW-06
7518,1746,SLU-16,UW-07
6533,1551,SLU-16,UW-10
2244,610,SLU-16,WF-01
1799,559,SLU-16,WF-04
1246,501,SLU-16,CH-16
1784,464,SLU-16,SLU-22
6851,1626,SLU-16,UW-11
1624,495,SLU-16,WF-03
1155,251,SLU-16,Pronto shop
2033,763,SLU-17,BT-01
2078,749,SLU-17,BT-03
1802,587,SLU-17,BT-04
1933,719,SLU-17,BT-05
2296,829,SLU-17,CBD-03
2587,934,SLU-17,CBD-04
3207,1010,SLU-17,CBD-05
2960,967,SLU-17,CBD-06
3659,1322,SLU-17,CBD-07
2407,855,SLU-17,CBD-13
4651,1532,SLU-17,CD-01
2936,1143,SLU-17,CH-01
2645,1152,SLU-17,CH-02
2206,956,SLU-17,CH-03
4096,1584,SLU-17,CH-05
3552,1376,SLU-17,CH-06
3570,1486,SLU-17,CH-07
3114,1254,SLU-17,CH-08
2823,1157,SLU-17,CH-09
2468,980,SLU-17,CH-12
4175,1538,SLU-17,CH-15
477,211,SLU-17,DPD-01
10690,2200,SLU-17,DPD-03
349,64,SLU-17,EL-01
1429,413,SLU-17,EL-03
3014,746,SLU-17,EL-05
3219,1264,SLU-17,FH-01
3868,1424,SLU-17,FH-04
4161,1471,SLU-17,ID-04
3691,1254,SLU-17,PS-04
3858,1311,SLU-17,PS-05
1194,416,SLU-17,SLU-01
807,270,SLU-17,SLU-02
715,297,SLU-17,SLU-04
1194,411,SLU-17,SLU-07
1929,641,SLU-17,SLU-15
2023,792,SLU-17,SLU-16
0,0,SLU-17,SLU-17
1364,476,SLU-17,SLU-18
1845,647,SLU-17,SLU-19
1396,514,SLU-17,SLU-20
625,188,SLU-17,SLU-21
9080,1760,SLU-17,UD-01
7084,1554,SLU-17,UD-02
6506,1367,SLU-17,UD-04
7273,1714,SLU-17,UD-07
8317,1774,SLU-17,UW-01
7532,1756,SLU-17,UW-02
6922,1452,SLU-17,UW-04
7678,1602,SLU-17,UW-06
8110,1634,SLU-17,UW-07
7007,1406,SLU-17,UW-10
3642,993,SLU-17,WF-01
2830,1022,SLU-17,WF-04
3269,1293,SLU-17,CH-16
1428,492,SLU-17,SLU-22
7443,1514,SLU-17,UW-11
2614,946,SLU-17,WF-03
1303,466,SLU-17,Pronto shop
1175,421,SLU-18,BT-01
954,315,SLU-18,BT-03
639,143,SLU-18,BT-04
809,285,SLU-18,BT-05
1133,385,SLU-18,CBD-03
1424,490,SLU-18,CBD-04
2083,577,SLU-18,CBD-05
1836,534,SLU-18,CBD-06
2535,888,SLU-18,CBD-07
1283,421,SLU-18,CBD-13
3724,1138,SLU-18,CD-01
2010,748,SLU-18,CH-01
2741,1035,SLU-18,CH-02
2543,918,SLU-18,CH-03
3169,1189,SLU-18,CH-05
2625,982,SLU-18,CH-06
2643,1091,SLU-18,CH-07
2187,860,SLU-18,CH-08
1897,762,SLU-18,CH-09
1541,586,SLU-18,CH-12
3248,1144,SLU-18,CH-15
874,185,SLU-18,DPD-01
11528,2465,SLU-18,DPD-03
1656,402,SLU-18,EL-01
2726,700,SLU-18,EL-03
4311,1032,SLU-18,EL-05
2056,820,SLU-18,FH-01
2942,1029,SLU-18,FH-04
3038,1038,SLU-18,ID-04
2567,820,SLU-18,PS-04
2735,877,SLU-18,PS-05
1434,371,SLU-18,SLU-01
1171,314,SLU-18,SLU-02
871,210,SLU-18,SLU-04
311,64,SLU-18,SLU-07
766,197,SLU-18,SLU-15
1097,397,SLU-18,SLU-16
1354,354,SLU-18,SLU-17
0,0,SLU-18,SLU-18
1753,510,SLU-18,SLU-19
853,283,SLU-18,SLU-20
1094,296,SLU-18,SLU-21
9918,2024,SLU-18,UD-01
7922,1819,SLU-18,UD-02
7344,1632,SLU-18,UD-04
8111,1979,SLU-18,UD-07
9155,2038,SLU-18,UW-01
8369,2021,SLU-18,UW-02
7760,1716,SLU-18,UW-04
8516,1866,SLU-18,UW-06
8948,1898,SLU-18,UW-07
7845,1670,SLU-18,UW-10
1632,541,SLU-18,WF-01
1706,589,SLU-18,WF-04
2343,898,SLU-18,CH-16
1044,298,SLU-18,SLU-22
8281,1778,SLU-18,UW-11
1490,512,SLU-18,WF-03
179,33,SLU-18,Pronto shop
968,267,SLU-19,BT-01
1014,294,SLU-19,BT-03
1946,549,SLU-19,BT-04
1459,446,SLU-19,BT-05
2657,825,SLU-19,CBD-03
2460,753,SLU-19,CBD-04
2627,675,SLU-19,CBD-05
2487,694,SLU-19,CBD-06
3185,1049,SLU-19,CBD-07
1933,582,SLU-19,CBD-13
4222,1508,SLU-19,CD-01
3335,1129,SLU-19,CH-01
4066,1417,SLU-19,CH-02
3611,1241,SLU-19,CH-03
4495,1571,SLU-19,CH-05
3951,1363,SLU-19,CH-06
3969,1473,SLU-19,CH-07
3513,1241,SLU-19,CH-08
3222,1144,SLU-19,CH-09
2867,967,SLU-19,CH-12
4574,1525,SLU-19,CH-15
1660,398,SLU-19,DPD-01
12061,2562,SLU-19,DPD-03
2190,499,SLU-19,EL-01
3260,797,SLU-19,EL-03
4844,1129,SLU-19,EL-05
3580,1254,SLU-19,FH-01
4268,1411,SLU-19,FH-04
3688,1198,SLU-19,ID-04
3217,981,SLU-19,PS-04
3385,1037,SLU-19,PS-05
2345,660,SLU-19,SLU-01
1606,370,SLU-19,SLU-02
1656,417,SLU-19,SLU-04
1876,506,SLU-19,SLU-07
2073,603,SLU-19,SLU-15
2422,778,SLU-19,SLU-16
1887,451,SLU-19,SLU-17
1422,426,SLU-19,SLU-18
0,0,SLU-19,SLU-19
2461,695,SLU-19,SLU-20
1627,385,SLU-19,SLU-21
10451,2121,SLU-19,UD-01
8455,1916,SLU-19,UD-02
7877,1729,SLU-19,UD-04
8644,2076,SLU-19,UD-07
9688,2135,SLU-19,UW-01
8903,2118,SLU-19,UW-02
8293,1813,SLU-19,UW-04
9049,1963,SLU-19,UW-06
9481,1995,SLU-19,UW-07
8378,1767,SLU-19,UW-10
1784,403,SLU-19,WF-01
2809,655,SLU-19,WF-04
3668,1280,SLU-19,CH-16
709,194,SLU-19,SLU-22
8815,1875,SLU-19,UW-11
2120,482,SLU-19,WF-03
1447,429,SLU-19,Pronto shop
1805,505,SLU-20,BT-01
1584,420,SLU-20,BT-03
790,158,SLU-20,BT-04
1139,321,SLU-20,BT-05
765,277,SLU-20,CBD-03
1056,383,SLU-20,CBD-04
1705,533,SLU-20,CBD-05
1432,414,SLU-20,CBD-06
2131,768,SLU-20,CBD-07
879,301,SLU-20,CBD-13
3039,954,SLU-20,CD-01
1325,564,SLU-20,CH-01
2056,851,SLU-20,CH-02
1858,734,SLU-20,CH-03
2484,1005,SLU-20,CH-05
1940,798,SLU-20,CH-06
1958,907,SLU-20,CH-07
1502,676,SLU-20,CH-08
1212,578,SLU-20,CH-09
856,401,SLU-20,CH-12
2563,960,SLU-20,CH-15
1420,296,SLU-20,DPD-01
12006,2498,SLU-20,DPD-03
1482,324,SLU-20,EL-01
2517,581,SLU-20,EL-03
4102,914,SLU-20,EL-05
1688,712,SLU-20,FH-01
2257,845,SLU-20,FH-04
2634,918,SLU-20,ID-04
2163,700,SLU-20,PS-04
2331,757,SLU-20,PS-05
834,217,SLU-20,SLU-01
1987,477,SLU-20,SLU-02
1204,260,SLU-20,SLU-04
857,175,SLU-20,SLU-07
398,68,SLU-20,SLU-15
411,213,SLU-20,SLU-16
1739,370,SLU-20,SLU-17
859,173,SLU-20,SLU-18
2343,623,SLU-20,SLU-19
0,0,SLU-20,SLU-20
1465,341,SLU-20,SLU-21
10395,2057,SLU-20,UD-01
5544,1361,SLU-20,UD-02
5181,1256,SLU-20,UD-04
5873,1520,SLU-20,UD-07
9632,2071,SLU-20,UW-01
8847,2054,SLU-20,UW-02
5442,1299,SLU-20,UW-04
8993,1899,SLU-20,UW-06
9426,1931,SLU-20,UW-07
8322,1703,SLU-20,UW-10
2262,646,SLU-20,WF-01
1840,600,SLU-20,WF-04
1657,714,SLU-20,CH-16
1634,410,SLU-20,SLU-22
8759,1811,SLU-20,UW-11
1665,537,SLU-20,WF-03
810,167,SLU-20,Pronto shop
1610,575,SLU-21,BT-01
1669,595,SLU-21,BT-03
1393,433,SLU-21,BT-04
1524,565,SLU-21,BT-05
1887,675,SLU-21,CBD-03
2178,780,SLU-21,CBD-04
2798,856,SLU-21,CBD-05
2551,813,SLU-21,CBD-06
3250,1167,SLU-21,CBD-07
1998,700,SLU-21,CBD-13
4242,1378,SLU-21,CD-01
2527,988,SLU-21,CH-01
3259,1276,SLU-21,CH-02
2521,1012,SLU-21,CH-03
3687,1430,SLU-21,CH-05
3143,1222,SLU-21,CH-06
3161,1332,SLU-21,CH-07
2705,1100,SLU-21,CH-08
2414,1002,SLU-21,CH-09
2059,826,SLU-21,CH-12
3766,1384,SLU-21,CH-15
69,57,SLU-21,DPD-01
10636,2248,SLU-21,DPD-03
764,185,SLU-21,EL-01
1834,483,SLU-21,EL-03
3419,815,SLU-21,EL-05
2810,1110,SLU-21,FH-01
3460,1270,SLU-21,FH-04
3753,1317,SLU-21,ID-04
3282,1100,SLU-21,PS-04
3450,1156,SLU-21,PS-05
1255,432,SLU-21,SLU-01
578,139,SLU-21,SLU-02
306,143,SLU-21,SLU-04
786,257,SLU-21,SLU-07
1520,487,SLU-21,SLU-15
1614,637,SLU-21,SLU-16
462,138,SLU-21,SLU-17
955,322,SLU-21,SLU-18
1422,460,SLU-21,SLU-19
1596,526,SLU-21,SLU-20
0,0,SLU-21,SLU-21
9025,1807,SLU-21,UD-01
7030,1602,SLU-21,UD-02
6452,1415,SLU-21,UD-04
7218,1762,SLU-21,UD-07
8262,1821,SLU-21,UW-01
7477,1804,SLU-21,UW-02
6868,1499,SLU-21,UW-04
7623,1650,SLU-21,UW-06
8056,1681,SLU-21,UW-07
6952,1454,SLU-21,UW-10
3219,806,SLU-21,WF-01
2421,868,SLU-21,WF-04
2860,1138,SLU-21,CH-16
1019,337,SLU-21,SLU-22
7389,1561,SLU-21,UW-11
2205,792,SLU-21,WF-03
894,312,SLU-21,Pronto shop
11213,2528,UD-01,BT-01
11728,2627,UD-01,BT-03
11166,2448,UD-01,BT-04
9446,2302,UD-01,BT-05
11660,2690,UD-01,CBD-03
11951,2796,UD-01,CBD-04
10720,2593,UD-01,CBD-05
10474,2550,UD-01,CBD-06
10050,2806,UD-01,CBD-07
9920,2438,UD-01,CBD-13
9230,2335,UD-01,CD-01
7427,2007,UD-01,CH-01
6820,1860,UD-01,CH-02
6984,1906,UD-01,CH-03
7350,2051,UD-01,CH-05
7401,2009,UD-01,CH-06
7173,1954,UD-01,CH-07
7639,2006,UD-01,CH-08
7614,2037,UD-01,CH-09
8020,2110,UD-01,CH-12
6787,1922,UD-01,CH-15
7991,1794,UD-01,DPD-01
1621,443,UD-01,DPD-03
7208,1530,UD-01,EL-01
6250,1340,UD-01,EL-03
4142,929,UD-01,EL-05
8646,2332,UD-01,FH-01
8448,2226,UD-01,FH-04
10347,2561,UD-01,ID-04
10109,2705,UD-01,PS-04
10243,2778,UD-01,PS-05
8400,1918,UD-01,SLU-01
9470,1953,UD-01,SLU-02
8030,1761,UD-01,SLU-04
8708,1994,UD-01,SLU-07
8771,2080,UD-01,SLU-15
8413,2207,UD-01,SLU-16
7558,1593,UD-01,SLU-17
10641,2325,UD-01,SLU-18
11025,2412,UD-01,SLU-19
8373,2012,UD-01,SLU-20
7943,1700,UD-01,SLU-21
0,0,UD-01,UD-01
3067,742,UD-01,UD-02
2947,631,UD-01,UD-04
2379,736,UD-01,UD-07
1560,438,UD-01,UW-01
3281,808,UD-01,UW-02
2717,573,UD-01,UW-04
2292,491,UD-01,UW-06
1826,428,UD-01,UW-07
2723,500,UD-01,UW-10
12822,2759,UD-01,WF-01
10344,2605,UD-01,WF-04
7167,1972,UD-01,CH-16
10606,2311,UD-01,SLU-22
2093,426,UD-01,UW-11
13158,2837,UD-01,WF-03
8816,2050,UD-01,Pronto shop
6918,1776,UD-02,BT-01
6962,1762,UD-02,BT-03
6686,1601,UD-02,BT-04
6817,1733,UD-02,BT-05
7181,1842,UD-02,CBD-03
7471,1948,UD-02,CBD-04
8091,2024,UD-02,CBD-05
7845,1981,UD-02,CBD-06
8090,2366,UD-02,CBD-07
7291,1868,UD-02,CBD-13
7270,1895,UD-02,CD-01
5467,1568,UD-02,CH-01
4860,1421,UD-02,CH-02
5023,1466,UD-02,CH-03
5390,1612,UD-02,CH-05
5441,1570,UD-02,CH-06
6070,1752,UD-02,CH-07
5678,1567,UD-02,CH-08
5654,1598,UD-02,CH-09
6060,1671,UD-02,CH-12
4826,1482,UD-02,CH-15
5362,1225,UD-02,DPD-01
4677,1016,UD-02,DPD-03
4579,960,UD-02,EL-01
3621,771,UD-02,EL-03
1513,359,UD-02,EL-05
6685,1893,UD-02,FH-01
6488,1787,UD-02,FH-04
8387,2122,UD-02,ID-04
8575,2268,UD-02,PS-04
8743,2324,UD-02,PS-05
5771,1349,UD-02,SLU-01
5692,1283,UD-02,SLU-02
5401,1191,UD-02,SLU-04
6079,1425,UD-02,SLU-07
6142,1511,UD-02,SLU-15
6366,1650,UD-02,SLU-16
4929,1024,UD-02,SLU-17
6249,1490,UD-02,SLU-18
6730,1661,UD-02,SLU-19
5744,1442,UD-02,SLU-20
5314,1131,UD-02,SLU-21
3067,575,UD-02,UD-01
0,0,UD-02,UD-02
397,48,UD-02,UD-04
689,246,UD-02,UD-07
1084,305,UD-02,UW-01
400,275,UD-02,UW-02
399,97,UD-02,UW-04
1187,287,UD-02,UW-06
2097,449,UD-02,UW-07
1112,234,UD-02,UW-10
8527,2007,UD-02,WF-01
7715,2036,UD-02,WF-04
5207,1533,UD-02,CH-16
6313,1505,UD-02,SLU-22
1430,329,UD-02,UW-11
7498,1960,UD-02,WF-03
6187,1480,UD-02,Pronto shop
6520,1727,UD-04,BT-01
6564,1713,UD-04,BT-03
6289,1551,UD-04,BT-04
6419,1683,UD-04,BT-05
6783,1793,UD-04,CBD-03
7074,1898,UD-04,CBD-04
7694,1974,UD-04,CBD-05
7447,1931,UD-04,CBD-06
7692,2317,UD-04,CBD-07
6893,1819,UD-04,CBD-13
6872,1845,UD-04,CD-01
5069,1518,UD-04,CH-01
4462,1371,UD-04,CH-02
4626,1417,UD-04,CH-03
4992,1562,UD-04,CH-05
5043,1520,UD-04,CH-06
5672,1702,UD-04,CH-07
5281,1517,UD-04,CH-08
5256,1548,UD-04,CH-09
5662,1621,UD-04,CH-12
4429,1433,UD-04,CH-15
4964,1175,UD-04,DPD-01
4558,993,UD-04,DPD-03
4182,911,UD-04,EL-01
3223,721,UD-04,EL-03
1115,310,UD-04,EL-05
6288,1843,UD-04,FH-01
6090,1737,UD-04,FH-04
7989,2072,UD-04,ID-04
8178,2218,UD-04,PS-04
8345,2275,UD-04,PS-05
5373,1299,UD-04,SLU-01
5294,1234,UD-04,SLU-02
5003,1142,UD-04,SLU-04
5681,1375,UD-04,SLU-07
5744,1461,UD-04,SLU-15
5968,1601,UD-04,SLU-16
4531,974,UD-04,SLU-17
5851,1440,UD-04,SLU-18
6332,1611,UD-04,SLU-19
5347,1393,UD-04,SLU-20
4916,1081,UD-04,SLU-21
2947,552,UD-04,UD-01
397,132,UD-04,UD-02
0,0,UD-04,UD-04
767,347,UD-04,UD-07
1465,434,UD-04,UW-01
780,406,UD-04,UW-02
347,118,UD-04,UW-04
1135,299,UD-04,UW-06
1978,426,UD-04,UW-07
896,204,UD-04,UW-10
8129,1958,UD-04,WF-01
7317,1986,UD-04,WF-04
4809,1483,UD-04,CH-16
5915,1456,UD-04,SLU-22
1311,306,UD-04,UW-11
7101,1910,UD-04,WF-03
5790,1431,UD-04,Pronto shop
7228,1866,UD-07,BT-01
7273,1852,UD-07,BT-03
6997,1691,UD-07,BT-04
7128,1823,UD-07,BT-05
7491,1932,UD-07,CBD-03
7782,2038,UD-07,CBD-04
8402,2114,UD-07,CBD-05
8155,2071,UD-07,CBD-06
8401,2456,UD-07,CBD-07
7602,1958,UD-07,CBD-13
7581,1985,UD-07,CD-01
5778,1658,UD-07,CH-01
5170,1511,UD-07,CH-02
5334,1556,UD-07,CH-03
5700,1702,UD-07,CH-05
5752,1660,UD-07,CH-06
6380,1842,UD-07,CH-07
5989,1657,UD-07,CH-08
5964,1688,UD-07,CH-09
6371,1761,UD-07,CH-12
5137,1572,UD-07,CH-15
5672,1315,UD-07,DPD-01
3478,819,UD-07,DPD-03
4890,1050,UD-07,EL-01
3931,861,UD-07,EL-03
1823,449,UD-07,EL-05
6996,1983,UD-07,FH-01
6798,1876,UD-07,FH-04
8697,2212,UD-07,ID-04
8886,2358,UD-07,PS-04
9053,2414,UD-07,PS-05
6081,1439,UD-07,SLU-01
6002,1373,UD-07,SLU-02
5712,1281,UD-07,SLU-04
6389,1515,UD-07,SLU-07
6453,1601,UD-07,SLU-15
6677,1740,UD-07,SLU-16
5239,1114,UD-07,SLU-17
6559,1580,UD-07,SLU-18
7040,1751,UD-07,SLU-19
6055,1532,UD-07,SLU-20
5624,1221,UD-07,SLU-21
1926,389,UD-07,UD-01
689,150,UD-07,UD-02
768,161,UD-07,UD-04
0,0,UD-07,UD-07
1098,231,UD-07,UW-01
1113,313,UD-07,UW-02
1066,232,UD-07,UW-04
1619,295,UD-07,UW-06
2962,540,UD-07,UW-07
1779,369,UD-07,UW-10
8837,2097,UD-07,WF-01
8025,2126,UD-07,WF-04
5518,1623,UD-07,CH-16
6623,1595,UD-07,SLU-22
2296,420,UD-07,UW-11
7809,2050,UD-07,WF-03
6498,1570,UD-07,Pronto shop
7942,1963,UW-01,BT-01
7987,1950,UW-01,BT-03
7711,1788,UW-01,BT-04
7842,1920,UW-01,BT-05
8205,2030,UW-01,CBD-03
8496,2135,UW-01,CBD-04
9116,2211,UW-01,CBD-05
8869,2168,UW-01,CBD-06
9273,2588,UW-01,CBD-07
8316,2056,UW-01,CBD-13
8453,2116,UW-01,CD-01
6650,1789,UW-01,CH-01
6043,1642,UW-01,CH-02
6206,1688,UW-01,CH-03
6573,1833,UW-01,CH-05
6624,1791,UW-01,CH-06
6396,1736,UW-01,CH-07
6861,1788,UW-01,CH-08
6836,1819,UW-01,CH-09
7243,1892,UW-01,CH-12
6009,1704,UW-01,CH-15
6387,1412,UW-01,DPD-01
3258,756,UW-01,DPD-03
5604,1147,UW-01,EL-01
4645,958,UW-01,EL-03
2538,547,UW-01,EL-05
7868,2114,UW-01,FH-01
7671,2008,UW-01,FH-04
9569,2343,UW-01,ID-04
9600,2455,UW-01,PS-04
9768,2511,UW-01,PS-05
6795,1536,UW-01,SLU-01
8506,1710,UW-01,SLU-02
6426,1378,UW-01,SLU-04
7104,1612,UW-01,SLU-07
7167,1698,UW-01,SLU-15
7391,1837,UW-01,SLU-16
5953,1211,UW-01,SLU-17
7273,1677,UW-01,SLU-18
7754,1848,UW-01,SLU-19
6769,1629,UW-01,SLU-20
6339,1318,UW-01,SLU-21
1647,315,UW-01,UD-01
1160,241,UW-01,UD-02
1459,269,UW-01,UD-04
1175,268,UW-01,UD-07
0,0,UW-01,UW-01
537,190,UW-01,UW-02
1112,190,UW-01,UW-04
639,83,UW-01,UW-06
1982,328,UW-01,UW-07
1847,275,UW-01,UW-10
9551,2194,UW-01,WF-01
8739,2223,UW-01,WF-04
6390,1754,UW-01,CH-16
7337,1693,UW-01,SLU-22
1315,208,UW-01,UW-11
8523,2147,UW-01,WF-03
7212,1667,UW-01,Pronto shop
7866,1997,UW-02,BT-01
7911,1983,UW-02,BT-03
7635,1821,UW-02,BT-04
7765,1953,UW-02,BT-05
8129,2063,UW-02,CBD-03
8420,2169,UW-02,CBD-04
9040,2245,UW-02,CBD-05
8793,2201,UW-02,CBD-06
9039,2587,UW-02,CBD-07
8240,2089,UW-02,CBD-13
8219,2116,UW-02,CD-01
6415,1789,UW-02,CH-01
5808,1641,UW-02,CH-02
5972,1687,UW-02,CH-03
6338,1832,UW-02,CH-05
6390,1790,UW-02,CH-06
7018,1972,UW-02,CH-07
6627,1788,UW-02,CH-08
6602,1818,UW-02,CH-09
7009,1891,UW-02,CH-12
5775,1703,UW-02,CH-15
6310,1445,UW-02,DPD-01
4892,1012,UW-02,DPD-03
5528,1181,UW-02,EL-01
4569,991,UW-02,EL-03
2461,580,UW-02,EL-05
7634,2113,UW-02,FH-01
7436,2007,UW-02,FH-04
9335,2342,UW-02,ID-04
9524,2488,UW-02,PS-04
9691,2545,UW-02,PS-05
6719,1570,UW-02,SLU-01
7922,1699,UW-02,SLU-02
6349,1412,UW-02,SLU-04
7027,1645,UW-02,SLU-07
7091,1731,UW-02,SLU-15
7315,1871,UW-02,SLU-16
5877,1244,UW-02,SLU-17
7197,1710,UW-02,SLU-18
7678,1881,UW-02,SLU-19
6693,1663,UW-02,SLU-20
6262,1352,UW-02,SLU-21
3281,571,UW-02,UD-01
965,245,UW-02,UD-02
1346,290,UW-02,UD-04
980,273,UW-02,UD-07
537,159,UW-02,UW-01
0,0,UW-02,UW-02
726,210,UW-02,UW-04
980,206,UW-02,UW-06
2335,443,UW-02,UW-07
1810,334,UW-02,UW-10
9475,2228,UW-02,WF-01
8663,2256,UW-02,WF-04
6155,1754,UW-02,CH-16
7261,1726,UW-02,SLU-22
1669,323,UW-02,UW-11
8447,2180,UW-02,WF-03
7136,1701,UW-02,Pronto shop
6830,1773,UW-04,BT-01
6874,1759,UW-04,BT-03
6599,1598,UW-04,BT-04
6729,1729,UW-04,BT-05
7093,1839,UW-04,CBD-03
7384,1945,UW-04,CBD-04
8004,2021,UW-04,CBD-05
7757,1978,UW-04,CBD-06
8002,2363,UW-04,CBD-07
7204,1865,UW-04,CBD-13
7183,1892,UW-04,CD-01
5379,1565,UW-04,CH-01
4772,1417,UW-04,CH-02
4936,1463,UW-04,CH-03
5302,1608,UW-04,CH-05
5354,1566,UW-04,CH-06
5982,1748,UW-04,CH-07
5591,1564,UW-04,CH-08
5566,1595,UW-04,CH-09
5973,1668,UW-04,CH-12
4739,1479,UW-04,CH-15
5274,1221,UW-04,DPD-01
4327,914,UW-04,DPD-03
4492,957,UW-04,EL-01
3533,768,UW-04,EL-03
1425,356,UW-04,EL-05
6598,1889,UW-04,FH-01
6400,1783,UW-04,FH-04
8299,2118,UW-04,ID-04
8488,2264,UW-04,PS-04
8655,2321,UW-04,PS-05
5683,1346,UW-04,SLU-01
7313,1519,UW-04,SLU-02
5313,1188,UW-04,SLU-04
5991,1422,UW-04,SLU-07
6055,1508,UW-04,SLU-15
6278,1647,UW-04,SLU-16
4841,1020,UW-04,SLU-17
6161,1486,UW-04,SLU-18
6642,1658,UW-04,SLU-19
5657,1439,UW-04,SLU-20
5226,1128,UW-04,SLU-21
2717,473,UW-04,UD-01
399,158,UW-04,UD-02
346,79,UW-04,UD-04
1073,381,UW-04,UD-07
1112,299,UW-04,UW-01
726,356,UW-04,UW-02
0,0,UW-04,UW-04
788,190,UW-04,UW-06
1747,347,UW-04,UW-07
713,137,UW-04,UW-10
8439,2004,UW-04,WF-01
7627,2033,UW-04,WF-04
5119,1530,UW-04,CH-16
6225,1502,UW-04,SLU-22
1080,227,UW-04,UW-11
7411,1956,UW-04,WF-03
6100,1477,UW-04,Pronto shop
9610,2203,UW-06,BT-01
7779,1950,UW-06,BT-03
7504,1788,UW-06,BT-04
7634,1920,UW-06,BT-05
7998,2030,UW-06,CBD-03
8289,2135,UW-06,CBD-04
8909,2211,UW-06,CBD-05
8662,2168,UW-06,CBD-06
8634,2505,UW-06,CBD-07
8109,2056,UW-06,CBD-13
7814,2033,UW-06,CD-01
6011,1706,UW-06,CH-01
5404,1559,UW-06,CH-02
5567,1605,UW-06,CH-03
5934,1750,UW-06,CH-05
5985,1708,UW-06,CH-06
5757,1653,UW-06,CH-07
6222,1705,UW-06,CH-08
6197,1736,UW-06,CH-09
6604,1809,UW-06,CH-12
5370,1621,UW-06,CH-15
6179,1412,UW-06,DPD-01
3903,810,UW-06,DPD-03
5397,1147,UW-06,EL-01
4438,958,UW-06,EL-03
2330,547,UW-06,EL-05
7229,2031,UW-06,FH-01
7032,1925,UW-06,FH-04
8930,2260,UW-06,ID-04
8692,2404,UW-06,PS-04
8826,2477,UW-06,PS-05
6588,1536,UW-06,SLU-01
7867,1627,UW-06,SLU-02
6218,1379,UW-06,SLU-04
6896,1612,UW-06,SLU-07
6959,1698,UW-06,SLU-15
6997,1906,UW-06,SLU-16
5746,1211,UW-06,SLU-17
7066,1677,UW-06,SLU-18
9422,2087,UW-06,SLU-19
6562,1630,UW-06,SLU-20
6131,1318,UW-06,SLU-21
2292,370,UW-06,UD-01
1304,348,UW-06,UD-02
1251,269,UW-06,UD-04
1618,401,UW-06,UD-07
639,172,UW-06,UW-01
980,323,UW-06,UW-02
905,191,UW-06,UW-04
0,0,UW-06,UW-06
1343,245,UW-06,UW-07
1208,192,UW-06,UW-10
11219,2433,UW-06,WF-01
8532,2223,UW-06,WF-04
5751,1671,UW-06,CH-16
7130,1693,UW-06,SLU-22
676,125,UW-06,UW-11
8316,2147,UW-06,WF-03
7005,1667,UW-06,Pronto shop
9928,2396,UW-07,BT-01
10443,2495,UW-07,BT-03
9881,2317,UW-07,BT-04
8161,2171,UW-07,BT-05
10375,2559,UW-07,CBD-03
7744,2215,UW-07,CBD-04
9435,2462,UW-07,CBD-05
9188,2419,UW-07,CBD-06
8605,2586,UW-07,CBD-07
8635,2306,UW-07,CBD-13
7785,2115,UW-07,CD-01
5982,1788,UW-07,CH-01
5375,1641,UW-07,CH-02
5538,1686,UW-07,CH-03
5905,1832,UW-07,CH-05
5956,1790,UW-07,CH-06
5728,1735,UW-07,CH-07
6193,1787,UW-07,CH-08
6169,1818,UW-07,CH-09
6575,1891,UW-07,CH-12
5341,1703,UW-07,CH-15
6706,1663,UW-07,DPD-01
2172,504,UW-07,DPD-03
5923,1398,UW-07,EL-01
4965,1209,UW-07,EL-03
2857,797,UW-07,EL-05
7200,2113,UW-07,FH-01
7003,2007,UW-07,FH-04
8902,2342,UW-07,ID-04
8663,2486,UW-07,PS-04
8798,2558,UW-07,PS-05
7114,1787,UW-07,SLU-01
8185,1821,UW-07,SLU-02
6745,1629,UW-07,SLU-04
7423,1863,UW-07,SLU-07
7486,1949,UW-07,SLU-15
6968,1987,UW-07,SLU-16
6273,1462,UW-07,SLU-17
9356,2194,UW-07,SLU-18
9740,2281,UW-07,SLU-19
7088,1880,UW-07,SLU-20
6658,1569,UW-07,SLU-21
1813,409,UW-07,UD-01
1781,611,UW-07,UD-02
1662,500,UW-07,UD-04
3656,871,UW-07,UD-07
2572,626,UW-07,UW-01
2922,771,UW-07,UW-02
1431,441,UW-07,UW-04
1933,454,UW-07,UW-06
0,0,UW-07,UW-07
1437,369,UW-07,UW-10
11537,2627,UW-07,WF-01
9058,2474,UW-07,WF-04
5722,1753,UW-07,CH-16
9321,2179,UW-07,SLU-22
1561,342,UW-07,UW-11
11873,2706,UW-07,WF-03
7531,1918,UW-07,Pronto shop
9140,2189,UW-10,BT-01
9655,2288,UW-10,BT-03
9093,2109,UW-10,BT-04
7457,1979,UW-10,BT-05
9587,2351,UW-10,CBD-03
9878,2456,UW-10,CBD-04
8731,2270,UW-10,CBD-05
8485,2227,UW-10,CBD-06
8382,2483,UW-10,CBD-07
7931,2115,UW-10,CBD-13
7562,2011,UW-10,CD-01
5759,1684,UW-10,CH-01
5152,1537,UW-10,CH-02
5315,1583,UW-10,CH-03
5682,1728,UW-10,CH-05
5733,1686,UW-10,CH-06
5505,1631,UW-10,CH-07
5970,1683,UW-10,CH-08
5945,1714,UW-10,CH-09
6352,1787,UW-10,CH-12
5118,1599,UW-10,CH-15
6002,1471,UW-10,DPD-01
4333,958,UW-10,DPD-03
5219,1206,UW-10,EL-01
4261,1017,UW-10,EL-03
2153,606,UW-10,EL-05
6977,2009,UW-10,FH-01
6780,1903,UW-10,FH-04
8678,2238,UW-10,ID-04
8440,2382,UW-10,PS-04
8574,2455,UW-10,PS-05
6411,1595,UW-10,SLU-01
7397,1613,UW-10,SLU-02
6041,1438,UW-10,SLU-04
6719,1671,UW-10,SLU-07
6782,1757,UW-10,SLU-15
6745,1884,UW-10,SLU-16
5569,1270,UW-10,SLU-17
8569,1986,UW-10,SLU-18
8952,2073,UW-10,SLU-19
6384,1689,UW-10,SLU-20
5954,1377,UW-10,SLU-21
2723,518,UW-10,UD-01
1126,407,UW-10,UD-02
896,298,UW-10,UD-04
1800,630,UW-10,UD-07
1960,532,UW-10,UW-01
2275,671,UW-10,UW-02
728,250,UW-10,UW-04
1321,360,UW-10,UW-06
1753,392,UW-10,UW-07
0,0,UW-10,UW-10
10749,2419,UW-10,WF-01
8354,2282,UW-10,WF-04
5499,1649,UW-10,CH-16
8533,1972,UW-10,SLU-22
1086,272,UW-10,UW-11
11085,2498,UW-10,WF-03
6827,1726,UW-10,Pronto shop
645,478,WF-01,BT-01
586,462,WF-01,BT-03
1950,714,WF-01,BT-04
1518,564,WF-01,BT-05
2216,757,WF-01,CBD-03
2019,686,WF-01,CBD-04
1984,610,WF-01,CBD-05
1885,626,WF-01,CBD-06
2637,909,WF-01,CBD-07
1512,600,WF-01,CBD-13
3489,1229,WF-01,CD-01
3368,1214,WF-01,CH-01
5427,1837,WF-01,CH-02
3901,1384,WF-01,CH-03
5855,2001,WF-01,CH-05
5311,1793,WF-01,CH-06
5329,1903,WF-01,CH-07
4873,1671,WF-01,CH-08
3255,1228,WF-01,CH-09
2899,1052,WF-01,CH-12
5939,1961,WF-01,CH-15
3174,995,WF-01,DPD-01
13829,3275,WF-01,DPD-03
3957,1212,WF-01,EL-01
4365,1325,WF-01,EL-03
5950,1657,WF-01,EL-05
2964,1229,WF-01,FH-01
4298,1468,WF-01,FH-04
2954,928,WF-01,ID-04
2337,650,WF-01,PS-04
2651,767,WF-01,PS-05
2682,960,WF-01,SLU-01
3242,970,WF-01,SLU-02
3170,1014,WF-01,SLU-04
1454,724,WF-01,SLU-07
1947,772,WF-01,SLU-15
2455,863,WF-01,SLU-16
3654,1165,WF-01,SLU-17
1361,701,WF-01,SLU-18
1636,600,WF-01,SLU-19
2402,879,WF-01,SLU-20
3263,985,WF-01,SLU-21
12218,2834,WF-01,UD-01
10223,2629,WF-01,UD-02
9644,2442,WF-01,UD-04
10411,2789,WF-01,UD-07
11455,2848,WF-01,UW-01
10670,2831,WF-01,UW-02
10061,2526,WF-01,UW-04
10816,2677,WF-01,UW-06
11249,2708,WF-01,UW-07
10145,2481,WF-01,UW-10
0,0,WF-01,WF-01
1207,313,WF-01,WF-04
5029,1699,WF-01,CH-16
2224,791,WF-01,SLU-22
10582,2588,WF-01,UW-11
518,140,WF-01,WF-03
1386,704,WF-01,Pronto shop
1942,623,WF-04,BT-01
1342,431,WF-04,BT-03
1607,583,WF-04,BT-04
1175,433,WF-04,BT-05
1722,653,WF-04,CBD-03
1525,581,WF-04,CBD-04
735,228,WF-04,CBD-05
670,293,WF-04,CBD-06
1448,607,WF-04,CBD-07
1225,495,WF-04,CBD-13
2299,926,WF-04,CD-01
2874,1109,WF-04,CH-01
4237,1534,WF-04,CH-02
3407,1279,WF-04,CH-03
4665,1698,WF-04,CH-05
4121,1490,WF-04,CH-06
4139,1600,WF-04,CH-07
3684,1368,WF-04,CH-08
2761,1124,WF-04,CH-09
2406,947,WF-04,CH-12
4749,1658,WF-04,CH-15
2623,796,WF-04,DPD-01
13278,3076,WF-04,DPD-03
2987,936,WF-04,EL-01
4022,1194,WF-04,EL-03
5607,1526,WF-04,EL-05
1749,896,WF-04,FH-01
3108,1166,WF-04,FH-04
1765,625,WF-04,ID-04
1147,347,WF-04,PS-04
1462,464,WF-04,PS-05
2339,829,WF-04,SLU-01
2821,882,WF-04,SLU-02
2633,807,WF-04,SLU-04
2061,675,WF-04,SLU-07
1604,641,WF-04,SLU-15
1961,759,WF-04,SLU-16
3103,965,WF-04,SLU-17
1792,592,WF-04,SLU-18
2240,704,WF-04,SLU-19
2059,748,WF-04,SLU-20
2843,907,WF-04,SLU-21
11667,2635,WF-04,UD-01
9672,2430,WF-04,UD-02
9093,2242,WF-04,UD-04
7378,2132,WF-04,UD-07
10904,2649,WF-04,UW-01
10119,2632,WF-04,UW-02
9510,2327,WF-04,UW-04
10265,2477,WF-04,UW-06
10698,2509,WF-04,UW-07
9594,2281,WF-04,UW-10
1310,294,WF-04,WF-01
0,0,WF-04,WF-04
3839,1397,WF-04,CH-16
2088,668,WF-04,SLU-22
10031,2389,WF-04,UW-11
689,118,WF-04,WF-03
1817,596,WF-04,Pronto shop
3142,771,CH-16,BT-01
2863,654,CH-16,BT-03
2186,447,CH-16,BT-04
2418,554,CH-16,BT-05
1719,381,CH-16,CBD-03
2022,462,CH-16,CBD-04
2801,683,CH-16,CBD-05
2528,564,CH-16,CBD-06
2883,834,CH-16,CBD-07
1974,451,CH-16,CBD-13
2136,403,CH-16,CD-01
572,119,CH-16,CH-01
398,137,CH-16,CH-02
854,205,CH-16,CH-03
934,352,CH-16,CH-05
590,170,CH-16,CH-06
1118,472,CH-16,CH-07
804,144,CH-16,CH-08
447,65,CH-16,CH-09
853,138,CH-16,CH-12
910,262,CH-16,CH-15
2874,634,CH-16,DPD-01
9141,2015,CH-16,DPD-03
2844,585,CH-16,EL-01
2944,738,CH-16,EL-03
3637,800,CH-16,EL-05
1478,360,CH-16,FH-01
1353,295,CH-16,FH-04
3179,676,CH-16,ID-04
2942,733,CH-16,PS-04
3076,805,CH-16,PS-05
1709,384,CH-16,SLU-01
3577,798,CH-16,SLU-02
2871,659,CH-16,SLU-04
2311,514,CH-16,SLU-07
1793,357,CH-16,SLU-15
1246,234,CH-16,SLU-16
3100,632,CH-16,SLU-17
2313,512,CH-16,SLU-18
3877,965,CH-16,SLU-19
1544,427,CH-16,SLU-20
2826,602,CH-16,SLU-21
7531,1574,CH-16,UD-01
4965,1178,CH-16,UD-02
4602,1074,CH-16,UD-04
5294,1338,CH-16,UD-07
5975,1413,CH-16,UW-01
5589,1470,CH-16,UW-02
4864,1117,CH-16,UW-04
5651,1303,CH-16,UW-06
5763,1389,CH-16,UW-07
5577,1253,CH-16,UW-10
3489,844,CH-16,WF-01
3045,793,CH-16,WF-04
0,0,CH-16,CH-16
3030,698,CH-16,SLU-22
5894,1328,CH-16,UW-11
2870,730,CH-16,WF-03
2264,505,CH-16,Pronto shop
608,262,SLU-22,BT-01
1123,375,SLU-22,BT-03
1568,400,SLU-22,BT-04
1568,527,SLU-22,BT-05
2062,642,SLU-22,CBD-03
2353,747,SLU-22,CBD-04
2841,786,SLU-22,CBD-05
2595,775,SLU-22,CBD-06
3294,1130,SLU-22,CBD-07
2042,663,SLU-22,CBD-13
4672,1370,SLU-22,CD-01
2957,981,SLU-22,CH-01
3689,1268,SLU-22,CH-02
2902,1047,SLU-22,CH-03
4117,1422,SLU-22,CH-05
3573,1214,SLU-22,CH-06
3591,1324,SLU-22,CH-07
3135,1092,SLU-22,CH-08
2844,995,SLU-22,CH-09
2489,818,SLU-22,CH-12
4196,1376,SLU-22,CH-15
951,205,SLU-22,DPD-01
11605,2484,SLU-22,DPD-03
1733,421,SLU-22,EL-01
2803,719,SLU-22,EL-03
4388,1052,SLU-22,EL-05
2985,1077,SLU-22,FH-01
3890,1262,SLU-22,FH-04
3797,1280,SLU-22,ID-04
3326,1062,SLU-22,PS-04
3494,1119,SLU-22,PS-05
1636,466,SLU-22,SLU-01
1136,306,SLU-22,SLU-02
947,223,SLU-22,SLU-04
1166,312,SLU-22,SLU-07
1695,454,SLU-22,SLU-15
2044,630,SLU-22,SLU-16
1431,374,SLU-22,SLU-17
1044,277,SLU-22,SLU-18
709,213,SLU-22,SLU-19
2083,547,SLU-22,SLU-20
1170,315,SLU-22,SLU-21
9994,2044,SLU-22,UD-01
7999,1838,SLU-22,UD-02
7421,1651,SLU-22,UD-04
8187,1998,SLU-22,UD-07
9231,2058,SLU-22,UW-01
8446,2040,SLU-22,UW-02
7837,1736,SLU-22,UW-04
8592,1886,SLU-22,UW-06
9025,1918,SLU-22,UW-07
7921,1690,SLU-22,UW-10
1288,455,SLU-22,WF-01
2313,706,SLU-22,WF-04
3290,1131,SLU-22,CH-16
0,0,SLU-22,SLU-22
8358,1798,SLU-22,UW-11
1624,533,SLU-22,WF-03
1069,280,SLU-22,Pronto shop
9577,2248,UW-11,BT-01
10092,2347,UW-11,BT-03
9530,2169,UW-11,BT-04
7602,1957,UW-11,BT-05
6908,1932,UW-11,CBD-03
7211,2014,UW-11,CBD-04
7990,2235,UW-11,CBD-05
7717,2116,UW-11,CBD-06
8073,2385,UW-11,CBD-07
7164,2003,UW-11,CBD-13
7253,1914,UW-11,CD-01
5450,1587,UW-11,CH-01
4843,1439,UW-11,CH-02
5006,1485,UW-11,CH-03
5373,1631,UW-11,CH-05
5424,1588,UW-11,CH-06
5196,1533,UW-11,CH-07
5661,1586,UW-11,CH-08
5636,1617,UW-11,CH-09
6043,1690,UW-11,CH-12
4809,1501,UW-11,CH-15
6147,1449,UW-11,DPD-01
3704,833,UW-11,DPD-03
5365,1185,UW-11,EL-01
4406,995,UW-11,EL-03
2298,584,UW-11,EL-05
6668,1912,UW-11,FH-01
6471,1805,UW-11,FH-04
8369,2141,UW-11,ID-04
8131,2285,UW-11,PS-04
8265,2357,UW-11,PS-05
5380,1462,UW-11,SLU-01
7834,1673,UW-11,SLU-02
6186,1416,UW-11,SLU-04
6864,1649,UW-11,SLU-07
6216,1692,UW-11,SLU-15
6436,1786,UW-11,SLU-16
5714,1248,UW-11,SLU-17
9005,2046,UW-11,SLU-18
9389,2133,UW-11,SLU-19
5818,1623,UW-11,SLU-20
6099,1356,UW-11,SLU-21
2093,392,UW-11,UD-01
1272,385,UW-11,UD-02
1311,352,UW-11,UD-04
2400,629,UW-11,UD-07
1315,384,UW-11,UW-01
1666,530,UW-11,UW-02
873,228,UW-11,UW-04
676,212,UW-11,UW-06
973,222,UW-11,UW-07
735,114,UW-11,UW-10
11186,2479,UW-11,WF-01
8500,2260,UW-11,WF-04
5190,1552,UW-11,CH-16
8970,2031,UW-11,SLU-22
0,0,UW-11,UW-11
11522,2558,UW-11,WF-03
6973,1705,UW-11,Pronto shop
1109,544,WF-03,BT-01
1166,402,WF-03,BT-03
1432,553,WF-03,BT-04
1000,404,WF-03,BT-05
1698,597,WF-03,CBD-03
1501,525,WF-03,CBD-04
1466,450,WF-03,CBD-05
1367,465,WF-03,CBD-06
2119,749,WF-03,CBD-07
994,440,WF-03,CBD-13
2970,1068,WF-03,CD-01
2850,1054,WF-03,CH-01
4909,1676,WF-03,CH-02
3383,1223,WF-03,CH-03
5337,1840,WF-03,CH-05
4793,1632,WF-03,CH-06
4811,1742,WF-03,CH-07
4355,1510,WF-03,CH-08
2737,1068,WF-03,CH-09
2381,891,WF-03,CH-12
5420,1800,WF-03,CH-15
2448,767,WF-03,DPD-01
13102,3046,WF-03,DPD-03
2812,906,WF-03,EL-01
3847,1164,WF-03,EL-03
5432,1497,WF-03,EL-05
2445,1068,WF-03,FH-01
3779,1308,WF-03,FH-04
2436,767,WF-03,ID-04
1819,489,WF-03,PS-04
2133,607,WF-03,PS-05
2164,800,WF-03,SLU-01
2646,853,WF-03,SLU-02
2458,777,WF-03,SLU-04
1885,646,WF-03,SLU-07
1429,611,WF-03,SLU-15
1936,703,WF-03,SLU-16
2928,936,WF-03,SLU-17
1617,563,WF-03,SLU-18
2099,667,WF-03,SLU-19
1883,719,WF-03,SLU-20
2668,877,WF-03,SLU-21
11492,2606,WF-03,UD-01
9496,2400,WF-03,UD-02
8918,2213,WF-03,UD-04
7202,2103,WF-03,UD-07
10729,2620,WF-03,UW-01
9944,2602,WF-03,UW-02
9334,2298,WF-03,UW-04
10090,2448,WF-03,UW-06
10522,2480,WF-03,UW-07
9419,2252,WF-03,UW-10
621,149,WF-03,WF-01
689,152,WF-03,WF-04
4510,1539,WF-03,CH-16
1913,639,WF-03,SLU-22
9856,2360,WF-03,UW-11
0,0,WF-03,WF-03
1642,566,WF-03,Pronto shop
996,389,Pronto shop,BT-01
775,282,Pronto shop,BT-03
519,147,Pronto shop,BT-04
630,253,Pronto shop,BT-05
1013,389,Pronto shop,CBD-03
1304,494,Pronto shop,CBD-04
1904,544,Pronto shop,CBD-05
1657,501,Pronto shop,CBD-06
2356,855,Pronto shop,CBD-07
1104,388,Pronto shop,CBD-13
3623,1117,Pronto shop,CD-01
1908,727,Pronto shop,CH-01
2639,1015,Pronto shop,CH-02
2441,897,Pronto shop,CH-03
3067,1169,Pronto shop,CH-05
2523,961,Pronto shop,CH-06
2541,1071,Pronto shop,CH-07
2086,839,Pronto shop,CH-08
1795,742,Pronto shop,CH-09
1440,565,Pronto shop,CH-12
3146,1123,Pronto shop,CH-15
934,236,Pronto shop,DPD-01
11588,2516,Pronto shop,DPD-03
1716,453,Pronto shop,EL-01
2786,751,Pronto shop,EL-03
4371,1083,Pronto shop,EL-05
1936,824,Pronto shop,FH-01
2840,1009,Pronto shop,FH-04
2859,1005,Pronto shop,ID-04
2388,788,Pronto shop,PS-04
2556,844,Pronto shop,PS-05
1314,375,Pronto shop,SLU-01
1196,340,Pronto shop,SLU-02
1008,265,Pronto shop,SLU-04
448,123,Pronto shop,SLU-07
645,201,Pronto shop,SLU-15
995,376,Pronto shop,SLU-16
1414,406,Pronto shop,SLU-17
140,47,Pronto shop,SLU-18
1535,491,Pronto shop,SLU-19
1033,293,Pronto shop,SLU-20
1217,337,Pronto shop,SLU-21
9978,2075,Pronto shop,UD-01
7982,1870,Pronto shop,UD-02
7404,1683,Pronto shop,UD-04
8171,2030,Pronto shop,UD-07
9215,2089,Pronto shop,UW-01
8430,2072,Pronto shop,UW-02
7820,1767,Pronto shop,UW-04
8576,1918,Pronto shop,UW-06
9008,1950,Pronto shop,UW-07
7905,1722,Pronto shop,UW-10
1453,508,Pronto shop,WF-01
1527,556,Pronto shop,WF-04
2241,877,Pronto shop,CH-16
825,278,Pronto shop,SLU-22
8341,1829,Pronto shop,UW-11
1311,480,Pronto shop,WF-03
0,0,Pronto shop,Pronto shop
