date,max_temperature,mean_temperature,min_temperature,max_dew_point,mean_dew_point,min_dew_point,max_humidity,mean_humidity,min_humidity,max_sea_level_pressure,mean_sea_level_pressure,min_sea_level_pressure,max_visibility,mean_visibility,min_visibility,max_wind_speed,mean_wind_speed,max_gust_speed,precipitation,events
2014-10-13,71,62.0,54,55,51,46,87,68,46,30.03,29.79,29.65,10,10,4,13,4,21.0,0.0,rain
2014-10-14,63,59.0,55,52,51,50,88,78,63,29.84,29.75,29.54,10,9,3,10,5,17.0,0.11,rain
2014-10-15,62,58.0,54,53,50,46,87,77,67,29.98,29.71,29.51,10,9,3,18,7,25.0,0.45,rain
2014-10-16,71,61.0,52,49,46,42,83,61,36,30.03,29.95,29.81,10,10,10,9,4,,0.0,rain
2014-10-17,64,60.0,57,55,51,41,87,72,46,29.83,29.78,29.73,10,10,6,8,3,,0.14,rain
2014-10-18,68,64.0,59,59,57,55,90,83,68,29.96,29.9,29.8,10,8,2,10,4,,0.31,rain
2014-10-19,73,64.0,55,57,55,53,94,74,52,29.8,29.73,29.67,10,10,6,10,3,18.0,0.0,sun
2014-10-20,66,60.0,55,57,54,50,90,78,67,29.8,29.74,29.69,10,10,5,12,5,,0.44,rain
2014-10-21,64,58.0,55,52,49,46,87,70,58,29.93,29.85,29.74,10,10,6,15,8,21.0,0.1,rain
2014-10-22,60,58.0,57,55,53,48,88,81,67,29.73,29.68,29.56,10,6,2,14,8,22.0,1.43,rain
2014-10-23,62,55.0,50,49,47,44,86,76,62,30.01,29.83,29.71,10,10,10,15,9,22.0,0.35,rain
2014-10-24,60,56.0,51,50,47,44,86,75,60,30.05,29.96,29.74,10,10,8,8,4,,0.13,rain
2014-10-25,64,58.0,52,53,49,44,87,78,58,29.74,29.48,29.26,10,10,6,24,6,41.0,0.37,rain
2014-10-26,59,52.0,48,48,44,42,86,71,62,30.15,29.98,29.76,10,10,10,20,12,30.0,0.05,rain
2014-10-27,62,54.0,45,46,43,41,87,72,48,30.17,30.09,29.98,10,10,10,7,4,,0.01,rain
2014-10-28,62,56.0,51,54,50,45,88,80,72,29.96,29.88,29.84,10,8,2,14,5,,0.34,rain
2014-10-29,64,59.0,54,54,51,50,88,76,60,30.14,30.06,29.94,10,10,9,15,7,24.0,0.04,rain
2014-10-30,62,58.0,55,55,53,50,88,82,75,30.01,29.83,29.74,10,9,2,8,2,,0.67,rain
2014-10-31,59,54.0,52,52,49,46,89,83,67,29.88,29.79,29.69,10,8,2,8,4,,0.77,rain
2014-11-01,55,52.0,48,48,45,42,89,78,62,30.05,29.92,29.84,10,10,7,6,1,,0.0,sun
2014-11-02,57,51.0,45,52,47,42,90,82,62,30.15,30.1,30.06,10,9,4,9,5,,0.11,rain
2014-11-03,60,58.0,55,53,51,48,84,80,75,30.12,30.08,30.01,10,9,3,13,8,20.0,0.24,rain
2014-11-04,61,58.0,55,54,51,48,90,79,67,30.29,30.14,29.99,10,9,3,10,6,,0.05,rain
2014-11-05,61,57.0,53,55,51,48,90,79,64,30.28,30.15,29.96,10,10,3,7,2,,0.27,rain
2014-11-06,64,60.0,54,55,50,45,90,75,58,30.3,29.99,29.8,10,10,4,20,8,37.0,0.22,rain
2014-11-07,59,52.0,45,45,43,40,86,72,53,30.48,30.41,30.31,10,10,10,7,3,,0.0,sun
2014-11-08,55,48.0,42,44,42,39,93,78,60,30.38,30.25,30.06,10,8,2,7,1,,0.0,sun
2014-11-09,57,52.0,48,50,46,43,87,80,72,30.06,29.93,29.82,10,9,3,12,6,16.0,0.29,rain
2014-11-10,54,48.0,43,43,40,34,86,71,54,30.2,30.17,30.07,10,10,10,8,2,,0.0,sun
2014-11-11,48,42.0,36,39,18,3,80,42,20,30.37,30.28,30.18,10,10,10,15,5,22.0,0.0,sun
2014-11-12,46,39.0,32,10,4,1,40,24,16,30.37,30.25,30.11,10,10,10,13,8,22.0,0.0,sun
2014-11-13,48,40.0,30,19,9,2,64,30,18,30.1,30.01,29.97,10,10,10,12,4,22.0,0.0,sun
2014-11-14,48,38.0,28,26,18,11,69,48,23,30.31,30.15,30.03,10,10,10,8,2,,0.0,sun
2014-11-15,48,38.0,27,25,18,10,75,51,21,30.54,30.46,30.32,10,10,10,7,1,,0.0,sun
2014-11-16,50,39.0,28,27,21,15,69,53,25,30.52,30.45,30.37,10,10,10,8,1,,0.0,sun
2014-11-17,52,41.0,30,29,25,22,75,60,34,30.4,30.31,30.19,10,10,9,8,1,,0.0,sun
2014-11-18,48,39.0,30,36,31,25,86,75,54,30.18,30.13,30.09,10,8,5,6,1,,0.0,sun
2014-11-19,52,44.0,36,37,34,30,86,66,48,30.08,29.93,29.83,10,9,5,9,2,,0.0,rain
2014-11-20,54,49.0,44,46,43,39,87,80,71,29.99,29.96,29.91,10,10,7,8,4,,0.11,rain
2014-11-21,55,52.0,50,48,45,41,87,79,66,29.89,29.58,29.31,10,8,4,18,7,33.0,0.67,rain
2014-11-22,51,48.0,45,43,41,39,86,77,66,30.13,29.88,29.55,10,10,10,13,8,21.0,0.03,rain
2014-11-23,57,50.0,44,47,42,39,82,74,57,30.37,30.18,30.08,10,10,5,20,10,28.0,0.42,rain
2014-11-24,55,47.0,39,50,41,35,89,79,66,30.37,30.23,30.08,10,8,2,13,6,25.0,0.01,rain
2014-11-25,60,56.0,51,54,50,46,89,83,77,30.23,30.17,30.1,10,6,2,17,6,29.0,0.33,rain
2014-11-26,61,59.0,57,53,52,48,81,75,62,30.17,30.04,29.87,10,10,10,20,11,30.0,0.01,rain
2014-11-27,62,58.0,55,51,49,43,81,70,52,29.87,29.81,29.68,10,10,6,18,12,32.0,0.04,rain
2014-11-28,57,48.0,39,51,43,35,87,80,72,29.67,29.54,29.49,10,7,2,15,9,26.0,1.39,rain
2014-11-29,42,35.0,27,36,25,10,83,67,37,30.22,29.84,29.54,10,9,2,17,6,30.0,0.06,snow
2014-11-30,39,33.0,27,23,21,18,78,64,47,30.24,30.19,30.12,10,10,10,8,2,,0.0,sun
2014-12-01,41,34.0,26,25,21,16,75,62,45,30.24,30.17,30.11,10,10,10,9,1,,0.0,sun
2014-12-02,44,35.0,26,28,26,21,82,68,49,30.24,30.12,29.93,10,10,9,8,3,,0.0,sun
2014-12-03,48,40.0,33,31,27,24,70,58,44,29.91,29.82,29.76,10,10,8,6,1,,0.0,sun
2014-12-04,48,44.0,39,43,37,32,87,74,59,29.95,29.86,29.79,10,9,3,7,2,,0.05,rain
2014-12-05,54,50.0,46,47,44,42,87,82,71,29.97,29.91,29.75,10,9,3,8,2,,0.09,rain
2014-12-06,55,52.0,48,49,46,43,86,82,74,30.24,30.06,29.84,10,9,4,14,7,21.0,0.25,rain
2014-12-07,55,49.0,43,46,43,37,93,80,54,30.24,30.12,29.98,10,8,0,5,0,,0.0,fog
2014-12-08,60,55.0,50,47,44,40,86,70,51,30.05,29.96,29.85,10,10,6,9,3,,0.45,rain
2014-12-09,63,57.0,51,54,50,46,83,76,65,29.89,29.81,29.7,10,9,5,17,8,24.0,0.42,rain
2014-12-10,68,61.0,54,51,48,42,83,69,43,29.69,29.46,29.25,10,10,5,22,10,38.0,0.5,rain
2014-12-11,60,55.0,50,49,43,39,89,69,49,29.57,29.31,29.14,10,10,6,26,8,46.0,0.33,rain
2014-12-12,55,52.0,48,45,43,42,83,73,64,30.06,29.83,29.56,10,10,10,18,10,32.0,0.0,sun
2014-12-13,52,46.0,41,43,41,37,90,82,71,30.24,30.2,30.06,10,8,1,8,3,,0.01,sun
2014-12-14,57,47.0,37,39,34,23,93,70,27,30.23,30.12,30.0,10,7,0,15,2,23.0,0.0,fog
2014-12-15,55,48.0,42,34,28,25,58,41,34,29.99,29.9,29.83,10,10,10,16,6,22.0,0.0,sun
2014-12-16,52,48.0,44,40,33,27,68,53,38,29.86,29.84,29.82,10,10,10,8,5,,0.0,rain
2014-12-17,51,48.0,44,45,41,35,87,77,68,29.93,29.86,29.81,10,9,5,6,1,,0.16,rain
2014-12-18,51,48.0,46,46,43,41,93,83,74,29.95,29.86,29.73,10,8,2,10,4,18.0,0.6,rain
2014-12-19,54,50.0,46,46,41,37,86,70,58,29.96,29.9,29.8,10,10,7,12,8,17.0,0.13,rain
2014-12-20,57,52.0,46,52,46,41,87,83,72,29.85,29.58,29.45,10,7,2,17,7,31.0,0.6,rain
2014-12-21,57,55.0,53,49,46,44,77,72,62,30.11,29.91,29.54,10,10,10,14,7,25.0,0.0,sun
2014-12-22,54,48.0,42,45,40,37,86,72,55,30.38,30.31,30.13,10,10,10,8,1,,0.0,sun
2014-12-23,53,48.0,43,52,42,36,96,80,66,30.31,30.17,30.09,10,7,2,14,5,,0.61,rain
2014-12-24,46,44.0,41,39,38,37,89,80,71,30.07,29.98,29.91,10,10,7,8,5,,0.12,rain
2014-12-25,48,42.0,37,39,37,34,87,79,66,30.31,30.2,30.06,10,10,6,7,3,,0.0,sun
2014-12-26,44,42.0,39,37,36,34,87,80,71,30.4,30.36,30.3,10,9,4,8,4,,0.0,sun
2014-12-27,52,47.0,42,45,40,36,87,78,69,30.31,30.13,30.03,10,9,5,15,8,25.0,0.12,rain
2014-12-28,46,44.0,41,39,38,35,85,79,71,30.23,30.17,30.09,10,10,8,8,5,,0.06,rain
2014-12-29,46,42.0,35,36,28,21,87,62,40,30.74,30.43,30.18,10,10,10,9,3,,0.0,sun
2014-12-30,39,34.0,30,24,17,14,73,51,35,30.86,30.81,30.75,10,10,10,6,1,,0.0,sun
2014-12-31,41,34.0,26,25,22,18,78,60,41,30.73,30.58,30.43,10,10,10,7,2,,0.0,sun
2015-01-01,43,35.0,27,28,25,21,81,70,49,30.42,30.31,30.22,10,10,6,4,0,,0.0,sun
2015-01-02,44,38.0,32,39,32,25,86,76,67,30.23,30.16,30.1,10,10,7,12,4,,0.03,sun
2015-01-03,43,38.0,33,38,35,30,93,84,76,30.3,30.26,30.22,10,7,3,7,2,,0.0,rain
2015-01-04,54,48.0,41,48,41,37,89,84,77,30.27,30.14,29.98,10,8,3,21,7,32.0,0.22,rain
2015-01-05,57,56.0,54,52,50,48,88,81,74,30.29,30.18,30.0,10,8,2,20,14,31.0,0.07,rain
2015-01-06,55,50.0,46,48,46,43,93,84,74,30.31,30.29,30.26,10,7,0,6,2,,0.01,fog
2015-01-07,50,47.0,44,46,43,41,93,85,74,30.32,30.28,30.25,10,5,1,6,2,,0.0,sun
2015-01-08,48,44.0,39,41,38,36,89,82,71,30.26,30.17,30.12,10,6,0,8,3,,0.0,fog
2015-01-09,50,44.0,39,41,39,37,93,86,68,30.13,30.09,30.02,10,4,0,6,2,,0.01,fog
2015-01-10,48,46.0,44,45,44,41,93,88,83,30.07,30.03,30.0,10,3,1,7,1,,0.18,rain
2015-01-11,51,48.0,46,46,45,42,89,85,80,30.24,30.14,30.07,10,5,0,5,1,,0.06,fog
2015-01-12,53,49.0,45,43,41,39,90,78,64,30.44,30.35,30.25,10,10,4,10,1,,0.0,rain
2015-01-13,48,44.0,41,41,38,37,87,80,66,30.48,30.43,30.32,10,9,2,10,2,,0.0,sun
2015-01-14,46,42.0,37,38,34,28,89,77,60,30.31,30.24,30.2,10,7,1,10,3,,0.0,sun
2015-01-15,46,41.0,36,41,34,27,86,73,63,30.21,30.03,29.79,10,9,3,16,3,,0.43,rain
2015-01-16,55,50.0,44,45,40,36,87,71,57,30.24,30.08,29.82,10,10,10,13,8,22.0,0.0,sun
2015-01-17,55,46.0,39,52,41,35,90,84,73,30.16,29.89,29.6,10,6,3,17,1,23.0,0.76,rain
2015-01-18,60,54.0,48,51,44,42,82,73,67,30.27,30.04,29.64,10,9,3,22,14,36.0,0.23,rain
2015-01-19,52,49.0,46,43,42,40,83,76,66,30.46,30.39,30.27,10,10,7,10,5,,0.03,rain
2015-01-20,51,46.0,39,39,38,34,87,76,59,30.46,30.41,30.35,10,10,9,9,1,,0.0,sun
2015-01-21,48,40.0,33,39,35,29,93,81,66,30.35,30.29,30.23,10,6,0,5,1,,0.0,fog
2015-01-22,52,48.0,45,46,43,38,87,81,76,30.4,30.33,30.27,10,9,5,8,1,,0.03,rain
2015-01-23,57,54.0,50,52,49,45,89,84,76,30.4,30.32,30.26,10,8,2,13,6,21.0,0.08,rain
2015-01-24,62,58.0,55,55,52,51,87,82,75,30.32,30.26,30.21,10,10,10,10,7,20.0,0.02,sun
2015-01-25,64,57.0,50,53,49,45,86,77,54,30.22,30.11,29.97,10,10,6,8,3,,0.01,sun
2015-01-26,64,55.0,46,47,46,42,93,77,52,29.99,29.95,29.91,10,7,0,13,4,,0.0,fog
2015-01-27,55,52.0,50,49,47,45,88,83,80,30.29,30.1,29.98,10,6,2,10,6,,0.02,rain
2015-01-28,55,50.0,46,45,42,40,87,76,64,30.4,30.36,30.3,10,10,7,6,2,,0.0,sun
2015-01-29,55,48.0,42,40,38,36,85,71,57,30.37,30.34,30.3,10,10,10,8,1,,0.0,sun
2015-01-30,48,44.0,39,40,38,35,96,85,71,30.34,30.3,30.25,10,3,0,8,1,,0.0,fog
2015-01-31,46,42.0,39,40,39,37,89,83,76,30.27,30.22,30.11,10,4,0,6,1,,0.0,fog
2015-02-01,51,48.0,44,45,42,39,87,82,76,30.11,30.06,30.03,10,7,2,10,5,17.0,0.04,rain
2015-02-02,55,50.0,44,48,43,40,87,79,66,30.08,29.94,29.85,10,7,1,20,5,34.0,0.3,rain
2015-02-03,52,48.0,44,46,44,42,93,83,74,30.12,30.08,30.02,10,8,0,10,5,,0.03,fog
2015-02-04,52,47.0,42,46,43,39,93,84,74,30.09,29.95,29.74,10,6,0,7,2,,0.3,fog
2015-02-05,59,54.0,48,53,49,44,86,83,78,29.7,29.54,29.39,10,8,3,13,7,20.0,0.87,rain
2015-02-06,60,56.0,53,53,50,44,87,78,62,29.47,29.4,29.33,10,8,3,16,10,23.0,0.75,rain
2015-02-07,57,54.0,51,51,48,45,89,81,69,29.86,29.56,29.35,10,8,4,17,6,32.0,0.82,rain
2015-02-08,60,54.0,48,48,45,43,87,72,53,29.96,29.82,29.63,10,10,7,10,5,,0.15,rain
2015-02-09,57,52.0,48,50,48,45,89,80,67,30.01,29.78,29.58,10,9,4,10,4,17.0,0.15,rain
2015-02-10,57,52.0,48,50,46,43,83,73,62,30.31,30.23,30.04,10,10,6,17,9,22.0,0.02,rain
2015-02-11,57,51.0,45,48,45,41,87,78,64,30.25,30.2,30.16,10,10,6,5,1,,0.0,sun
2015-02-12,72,62.0,51,49,47,43,89,70,44,30.27,30.24,30.19,10,10,9,9,4,,0.02,rain
2015-02-13,61,54.0,46,50,47,45,99,80,60,30.26,30.18,30.09,10,10,7,6,1,,0.0,rain
2015-02-14,60,54.0,48,50,46,38,90,75,62,30.45,30.36,30.24,10,10,7,8,2,,0.05,rain
2015-02-15,55,48.0,42,42,40,36,82,72,60,30.48,30.4,30.32,10,10,10,10,3,,0.0,sun
2015-02-16,61,53.0,45,41,37,31,83,63,32,30.34,30.3,30.24,10,10,9,9,4,,0.0,sun
2015-02-17,60,52.0,44,37,35,34,74,57,38,30.24,30.17,30.1,10,10,10,8,1,,0.0,sun
2015-02-18,57,48.0,39,43,39,34,79,67,55,30.27,30.22,30.14,10,10,10,12,5,,0.0,sun
2015-02-19,54,51.0,48,48,46,42,87,79,74,30.29,30.26,30.22,10,9,5,6,2,,0.03,rain
2015-02-20,54,52.0,50,46,45,41,86,77,66,30.3,30.28,30.26,10,8,3,6,0,,0.02,rain
2015-02-21,55,50.0,44,41,38,34,82,67,47,30.45,30.33,30.27,10,10,10,10,3,20.0,0.0,sun
2015-02-22,54,45.0,36,38,31,24,93,62,31,30.48,30.43,30.38,10,10,10,6,1,,0.0,sun
2015-02-23,55,44.0,33,33,30,26,82,57,33,30.44,30.41,30.38,10,10,10,6,1,,0.0,sun
2015-02-24,54,45.0,36,38,33,29,79,62,43,30.42,30.38,30.34,10,10,10,7,3,,0.0,sun
2015-02-25,52,49.0,46,47,43,37,89,79,68,30.44,30.36,30.26,10,8,2,8,3,,0.07,rain
2015-02-26,54,51.0,48,47,45,44,87,81,72,30.26,30.1,29.81,10,8,5,7,2,,0.22,rain
2015-02-27,54,51.0,48,46,43,37,90,75,57,29.95,29.79,29.72,10,9,4,9,4,,0.73,rain
2015-02-28,55,47.0,37,34,28,19,73,47,24,30.24,30.16,29.97,10,10,10,12,5,18.0,0.0,sun
2015-03-01,54,44.0,35,35,30,26,79,56,34,30.26,30.13,29.98,10,10,10,7,3,,0.0,sun
2015-03-02,54,49.0,39,36,34,28,73,58,38,30.16,30.05,29.99,10,10,10,12,6,23.0,0.0,sun
2015-03-03,52,42.0,32,32,24,10,82,53,19,30.27,30.23,30.18,10,10,10,9,3,,0.0,sun
2015-03-04,55,44.0,32,29,24,19,75,49,25,30.32,30.29,30.26,10,10,10,10,2,,0.0,sun
2015-03-05,59,48.0,37,39,32,26,73,55,28,30.4,30.36,30.31,10,10,10,6,3,,0.0,sun
2015-03-06,59,49.0,39,41,37,34,80,63,41,30.45,30.39,30.35,10,10,9,6,1,,0.0,sun
2015-03-07,62,50.0,37,42,39,33,87,66,42,30.37,30.31,30.24,10,10,9,8,2,,0.0,rain
2015-03-08,63,50.0,37,43,40,34,89,67,43,30.26,30.19,30.11,10,10,9,9,1,,0.0,sun
2015-03-09,57,49.0,41,44,41,36,86,73,59,30.14,30.1,30.06,10,10,8,12,3,,0.0,sun
2015-03-10,60,50.0,44,48,42,38,93,76,55,30.04,29.93,29.78,10,5,0,9,4,17.0,0.0,fog
2015-03-11,62,56.0,51,50,48,46,86,75,60,30.16,29.98,29.87,10,10,8,9,6,,0.09,rain
2015-03-12,66,60.0,53,49,47,42,82,66,43,30.43,30.33,30.19,10,10,10,12,8,18.0,0.0,sun
2015-03-13,66,59.0,52,49,45,42,74,63,42,30.32,30.1,29.94,10,10,7,12,2,,0.04,rain
2015-03-14,61,58.0,54,54,49,43,88,76,64,29.99,29.9,29.77,10,8,4,15,7,28.0,0.54,rain
2015-03-15,54,50.0,46,47,44,41,87,84,72,30.12,29.8,29.62,10,5,1,9,4,,2.2,rain
2015-03-16,57,52.0,46,43,42,40,86,71,53,30.27,30.19,30.09,10,10,10,12,4,16.0,0.0,sun
2015-03-17,60,51.0,43,46,42,38,85,73,53,30.22,30.1,30.05,10,10,6,12,3,18.0,0.03,rain
2015-03-18,63,54.0,46,44,42,39,83,64,44,30.31,30.26,30.21,10,10,10,7,4,,0.0,sun
2015-03-19,63,56.0,48,49,43,41,80,63,46,30.2,30.1,30.02,10,10,10,8,4,,0.01,rain
2015-03-20,60,56.0,51,48,47,44,86,74,57,30.0,29.93,29.88,10,10,5,6,2,,0.12,rain
2015-03-21,59,55.0,50,48,44,37,80,67,51,30.11,30.04,29.89,10,10,7,17,9,36.0,0.13,rain
2015-03-22,55,49.0,43,47,43,39,86,76,64,30.09,29.99,29.95,10,9,2,9,2,,0.07,rain
2015-03-23,54,48.0,42,45,41,39,93,81,66,29.99,29.95,29.91,10,7,0,13,4,22.0,0.2,fog
2015-03-24,59,52.0,46,43,41,39,86,72,53,30.26,30.12,29.9,10,9,5,15,4,17.0,0.27,rain
2015-03-25,61,54.0,48,54,48,42,88,78,69,30.3,30.24,30.2,10,9,5,14,7,25.0,0.15,rain
2015-03-26,72,62.0,52,52,49,45,86,67,39,30.3,30.23,30.13,10,10,10,10,5,,0.0,sun
2015-03-27,69,59.0,50,52,48,46,86,70,50,30.12,30.02,29.95,10,10,9,15,4,24.0,0.01,rain
2015-03-28,64,58.0,52,46,43,39,77,63,46,30.35,30.23,30.05,10,10,10,16,13,26.0,0.0,sun
2015-03-29,63,57.0,51,49,44,41,80,63,50,30.33,30.23,30.15,10,10,10,12,7,18.0,0.0,sun
2015-03-30,66,60.0,55,49,47,44,77,64,45,30.14,30.0,29.84,10,10,8,10,7,16.0,0.02,rain
2015-03-31,57,50.0,46,48,41,38,86,72,55,30.21,30.06,29.84,10,9,3,15,7,22.0,0.31,rain
2015-04-01,57,50.0,44,44,40,36,93,73,49,30.34,30.27,30.22,10,10,10,14,5,,0.05,rain
2015-04-02,59,50.0,43,42,38,33,90,66,39,30.43,30.37,30.32,10,10,6,7,3,,0.0,rain
2015-04-03,55,49.0,44,43,39,37,76,68,53,30.31,30.2,30.15,10,9,5,16,7,23.0,0.05,rain
2015-04-04,57,48.0,39,37,34,25,83,58,31,30.16,30.08,29.93,10,10,10,9,4,,0.0,sun
2015-04-05,63,50.0,39,39,34,28,79,56,28,29.92,29.76,29.64,10,10,10,8,2,,0.0,sun
2015-04-06,60,52.0,46,40,37,31,74,58,35,29.86,29.81,29.72,10,10,10,12,6,,0.0,rain
2015-04-07,59,54.0,48,44,40,38,71,63,47,29.93,29.86,29.82,10,10,10,14,4,,0.01,rain
2015-04-08,64,54.0,46,44,40,37,77,62,39,30.15,30.07,29.94,10,10,10,10,3,,0.0,sun
2015-04-09,66,54.0,45,44,40,36,80,61,34,30.16,30.08,29.96,10,10,10,14,5,20.0,0.0,sun
2015-04-10,60,54.0,48,46,42,37,82,68,45,29.96,29.87,29.78,10,9,4,15,6,25.0,0.52,rain
2015-04-11,55,50.0,44,45,38,33,82,65,51,30.13,29.95,29.78,10,10,7,15,8,25.0,0.02,rain
2015-04-12,59,52.0,46,39,36,32,71,57,41,30.23,30.17,30.04,10,10,10,10,6,17.0,0.0,sun
2015-04-13,54,48.0,42,50,42,38,100,80,57,30.04,29.95,29.88,10,8,3,13,4,,0.46,rain
2015-04-14,55,47.0,39,43,39,34,100,78,44,30.46,30.25,30.05,10,10,8,13,8,,0.05,rain
2015-04-15,59,49.0,39,38,34,26,83,57,28,30.57,30.51,30.46,10,10,10,7,4,,0.0,rain
2015-04-16,64,52.0,41,41,37,35,79,56,37,30.47,30.34,30.22,10,10,10,10,2,18.0,0.0,rain
2015-04-17,68,56.0,46,46,42,33,77,57,28,30.32,30.25,30.22,10,10,10,12,3,21.0,0.0,sun
2015-04-18,68,57.0,48,45,41,33,77,55,28,30.38,30.31,30.24,10,10,10,9,2,,0.0,rain
2015-04-19,69,58.0,46,45,43,39,81,56,37,30.24,30.13,29.98,10,10,10,10,2,17.0,0.0,sun
2015-04-20,73,60.0,48,46,42,34,77,50,25,29.98,29.91,29.83,10,10,10,10,2,,0.0,rain
2015-04-21,64,56.0,46,48,44,40,82,68,52,30.13,29.98,29.87,10,9,5,12,3,,0.16,rain
2015-04-22,62,52.0,43,40,37,24,86,62,24,30.2,30.14,30.06,10,10,10,9,5,17.0,0.0,sun
2015-04-23,55,50.0,46,44,38,34,80,64,50,30.05,29.89,29.78,10,9,5,14,7,20.0,0.1,rain
2015-04-24,57,52.0,46,42,40,39,79,70,55,29.89,29.82,29.77,10,9,2,17,10,24.0,0.15,rain
2015-04-25,57,52.0,46,41,38,34,79,62,44,30.1,29.98,29.9,10,10,10,9,2,,0.01,sun
2015-04-26,61,52.0,42,47,39,36,80,62,46,30.26,30.2,30.11,10,10,10,9,5,,0.0,sun
2015-04-27,78,66.0,53,52,50,48,88,66,37,30.27,30.14,29.9,10,10,8,10,6,,0.0,rain
2015-04-28,63,56.0,51,52,48,44,83,73,60,30.18,30.09,29.91,10,9,3,14,6,20.0,0.11,rain
2015-04-29,64,56.0,48,46,42,37,82,64,42,30.29,30.24,30.18,10,10,10,12,6,28.0,0.01,sun
2015-04-30,64,57.0,50,44,41,35,74,57,35,30.33,30.25,30.14,10,10,10,9,5,,0.0,sun
2015-05-01,64,59.0,54,46,44,40,72,58,45,30.13,30.06,30.0,10,10,10,9,4,,0.0,sun
2015-05-02,66,58.0,51,42,38,31,71,51,27,30.1,30.05,29.99,10,10,10,10,4,17.0,0.0,sun
2015-05-03,69,57.0,45,42,37,29,80,49,22,30.02,29.96,29.88,10,10,10,9,3,,0.0,sun
2015-05-04,64,55.0,46,44,41,39,77,59,41,29.99,29.93,29.88,10,10,10,14,6,28.0,0.0,sun
2015-05-05,62,54.0,48,46,42,39,82,68,47,30.12,30.05,29.99,10,9,7,14,8,24.0,0.18,rain
2015-05-06,64,56.0,48,44,40,34,83,62,33,30.15,30.12,30.09,10,10,10,12,3,20.0,0.0,sun
2015-05-07,70,58.0,46,43,39,34,80,52,27,30.17,30.11,30.03,10,10,10,10,3,20.0,0.0,sun
2015-05-08,75,62.0,48,46,40,28,77,47,20,30.07,30.02,29.96,10,10,10,10,2,16.0,0.0,sun
2015-05-09,80,66.0,51,46,39,32,74,42,19,30.1,30.06,30.01,10,10,10,6,2,,0.0,sun
2015-05-10,69,62.0,55,50,47,39,72,59,43,30.08,30.04,30.01,10,10,10,8,3,,0.0,sun
2015-05-11,59,56.0,53,50,47,45,82,71,64,30.05,29.99,29.89,10,10,5,9,5,,0.0,rain
2015-05-12,62,58.0,55,52,49,47,88,75,60,29.87,29.85,29.83,10,10,6,13,4,17.0,0.11,rain
2015-05-13,57,54.0,53,50,48,46,86,78,69,29.94,29.89,29.85,10,9,6,10,7,,0.14,rain
2015-05-14,66,60.0,53,49,47,45,86,72,47,29.93,29.9,29.83,10,9,6,7,1,,0.0,sun
2015-05-15,69,60.0,53,51,48,45,83,69,45,29.95,29.88,29.85,10,10,6,10,2,,0.01,sun
2015-05-16,62,58.0,55,49,48,46,72,67,60,30.05,29.99,29.95,10,10,10,9,6,,0.0,sun
2015-05-17,69,62.0,55,50,48,46,74,64,49,30.08,30.06,30.04,10,10,10,8,2,,0.0,sun
2015-05-18,78,66.0,55,52,49,47,75,56,34,30.08,30.05,29.99,10,10,10,9,3,,0.0,sun
2015-05-19,75,65.0,57,54,52,50,82,67,46,30.12,30.07,29.99,10,10,10,7,2,,0.0,sun
2015-05-20,73,64.0,54,54,51,49,86,68,45,30.04,29.96,29.85,10,9,3,7,4,,0.0,sun
2015-05-21,81,68.0,57,56,52,50,75,57,40,29.88,29.85,29.81,10,10,10,7,2,,0.0,sun
2015-05-22,64,60.0,57,51,50,48,77,70,63,30.09,29.99,29.9,10,10,10,9,6,,0.0,sun
2015-05-23,64,59.0,55,51,49,48,77,70,62,30.19,30.16,30.09,10,10,10,8,5,,0.0,rain
2015-05-24,66,60.0,55,51,49,48,77,67,58,30.18,30.1,30.01,10,10,10,8,5,,0.0,sun
2015-05-25,62,58.0,55,50,48,47,77,68,62,30.03,30.02,30.0,10,10,10,9,6,,0.0,sun
2015-05-26,72,64.0,57,52,50,47,75,61,42,30.06,30.03,30.01,10,10,10,9,4,,0.0,sun
2015-05-27,78,67.0,57,54,52,51,82,60,42,30.08,30.04,30.0,10,10,10,7,2,,0.0,sun
2015-05-28,82,70.0,57,54,52,50,78,55,34,30.09,30.03,29.98,10,10,10,9,2,,0.0,sun
2015-05-29,82,71.0,61,57,53,49,75,56,38,30.0,29.95,29.88,10,10,10,10,2,,0.0,sun
2015-05-30,75,63.0,53,49,47,45,77,59,37,29.99,29.94,29.88,10,10,10,10,5,,0.0,sun
2015-05-31,75,65.0,57,52,49,46,77,59,40,29.94,29.85,29.77,10,10,10,10,4,16.0,0.0,sun
2015-06-01,64,60.0,57,53,50,47,83,71,56,29.95,29.9,29.79,10,10,5,14,5,17.0,0.09,rain
2015-06-02,66,60.0,57,52,50,48,81,68,56,30.07,30.02,29.95,10,10,10,12,8,20.0,0.0,sun
2015-06-03,69,62.0,57,50,48,46,74,62,47,30.08,30.06,30.03,10,10,10,9,5,,0.0,sun
2015-06-04,73,65.0,57,49,46,44,64,53,39,30.14,30.11,30.08,10,10,10,12,3,18.0,0.0,sun
2015-06-05,80,68.0,57,51,48,44,70,48,30,30.14,30.08,30.01,10,10,10,12,3,20.0,0.0,sun
2015-06-06,84,72.0,59,53,50,46,65,46,29,30.06,30.01,29.96,10,10,10,10,3,17.0,0.0,sun
2015-06-07,88,74.0,61,52,50,45,70,43,23,30.04,30.01,29.97,10,10,10,12,4,,0.0,sun
2015-06-08,86,73.0,60,54,48,31,75,44,17,30.02,29.97,29.91,10,10,10,10,3,18.0,0.0,sun
2015-06-09,86,72.0,61,49,43,30,60,36,17,29.98,29.92,29.85,10,10,10,9,3,,0.0,sun
2015-06-10,81,68.0,55,51,48,46,75,51,30,30.02,29.96,29.91,10,10,10,8,5,,0.0,sun
2015-06-11,79,66.0,55,50,48,45,75,55,34,30.15,30.1,30.03,10,10,10,9,5,20.0,0.0,sun
2015-06-12,70,64.0,57,46,44,39,67,52,35,30.2,30.16,30.11,10,10,10,8,5,,0.0,sun
2015-06-13,75,64.0,52,48,44,37,77,49,24,30.13,30.07,30.0,10,10,10,8,3,,0.0,sun
2015-06-14,81,69.0,57,48,45,41,72,44,25,30.05,29.98,29.9,10,10,10,10,3,17.0,0.0,sun
2015-06-15,86,72.0,61,48,45,39,60,38,20,29.96,29.92,29.86,10,10,10,10,3,,0.0,sun
2015-06-16,73,64.0,55,49,46,39,75,55,29,30.13,30.08,29.98,10,10,10,10,5,,0.0,sun
2015-06-17,78,67.0,57,49,45,35,70,49,23,30.11,30.06,29.99,10,10,10,8,3,,0.0,sun
2015-06-18,80,70.0,62,52,46,42,70,46,28,30.05,29.99,29.95,10,10,10,9,3,,0.0,sun
2015-06-19,75,66.0,59,55,51,45,81,61,38,30.14,30.11,30.06,10,9,4,10,4,,0.07,rain
2015-06-20,77,66.0,57,47,43,36,62,44,23,30.14,30.06,29.96,10,10,10,10,4,17.0,0.0,sun
2015-06-21,81,70.0,60,49,45,38,64,44,22,30.01,29.93,29.91,10,10,10,9,4,,0.0,sun
2015-06-22,78,67.0,57,50,48,45,77,53,33,30.12,30.08,30.03,10,10,10,12,5,,0.0,sun
2015-06-23,81,68.0,55,50,45,33,72,47,19,30.17,30.11,30.03,10,10,10,9,2,,0.0,sun
2015-06-24,79,72.0,66,54,51,47,59,47,33,30.1,30.07,30.04,10,10,10,8,2,,0.0,sun
2015-06-25,88,76.0,64,57,52,45,73,47,25,30.15,30.11,30.07,10,10,10,9,2,20.0,0.0,sun
2015-06-26,88,76.0,66,58,57,55,73,51,35,30.11,30.04,29.94,10,10,10,10,5,21.0,0.0,sun
2015-06-27,91,78.0,66,56,54,48,68,44,27,30.0,29.94,29.89,10,10,10,12,3,21.0,0.0,sun
2015-06-28,82,76.0,70,59,56,49,61,49,34,30.01,29.94,29.91,10,10,10,8,2,,0.0,rain
2015-06-29,88,78.0,69,61,59,57,75,54,37,30.05,29.97,29.91,10,10,9,10,4,,0.01,rain
2015-06-30,88,75.0,62,59,56,48,82,59,30,30.12,30.07,30.0,10,10,10,7,4,,0.0,sun
2015-07-01,89,76.0,64,56,54,50,68,46,31,30.06,30.0,29.93,10,10,10,12,4,20.0,0.0,sun
2015-07-02,91,80.0,68,54,53,50,61,40,26,30.02,29.97,29.91,10,10,10,10,3,16.0,0.0,sun
2015-07-03,93,80.0,68,55,53,49,59,40,23,29.96,29.9,29.82,10,10,9,9,4,,0.0,sun
2015-07-04,91,77.0,63,55,48,36,70,39,15,29.89,29.83,29.76,10,10,10,10,3,,0.0,sun
2015-07-05,91,78.0,66,54,49,43,61,37,21,29.88,29.82,29.79,10,10,7,10,3,,0.0,sun
2015-07-06,88,74.0,63,55,53,48,70,49,27,30.01,29.97,29.91,10,10,10,9,5,,0.0,sun
2015-07-07,81,70.0,61,55,53,52,72,58,39,30.07,29.99,29.88,10,10,10,8,6,,0.0,sun
2015-07-08,86,74.0,63,56,54,51,72,53,30,29.92,29.83,29.71,10,8,5,8,3,,0.0,sun
2015-07-09,86,73.0,62,59,57,54,78,60,40,29.78,29.74,29.66,10,10,7,9,3,,0.0,sun
2015-07-10,73,68.0,64,56,54,53,73,62,49,29.88,29.85,29.78,10,10,10,13,8,18.0,0.0,sun
2015-07-11,73,68.0,64,56,54,52,70,60,48,29.98,29.92,29.87,10,10,10,9,6,,0.0,sun
2015-07-12,82,72.0,64,57,54,50,75,57,34,30.03,30.0,29.97,10,10,10,10,6,17.0,0.0,sun
2015-07-13,79,72.0,66,57,55,51,70,58,42,30.09,30.05,30.01,10,10,10,13,4,,0.0,sun
2015-07-14,82,72.0,64,51,49,45,60,46,29,30.08,30.03,29.96,10,10,10,9,4,16.0,0.0,sun
2015-07-15,81,72.0,63,53,51,49,61,50,35,30.09,30.05,30.01,10,10,10,10,2,,0.0,sun
2015-07-16,81,72.0,64,54,50,46,65,49,31,30.15,30.12,30.09,10,10,10,9,4,,0.0,sun
2015-07-17,82,71.0,60,52,48,42,70,46,24,30.14,30.07,29.99,10,10,10,12,3,18.0,0.0,sun
2015-07-18,91,78.0,66,54,49,41,59,38,17,30.03,29.97,29.9,10,10,10,12,3,17.0,0.0,sun
2015-07-19,98,83.0,69,57,52,48,65,39,19,30.0,29.96,29.92,10,10,10,13,3,20.0,0.0,sun
2015-07-20,82,74.0,66,58,54,53,75,57,38,30.07,30.02,29.97,10,10,10,13,8,21.0,0.0,sun
2015-07-21,75,68.0,62,56,52,49,78,58,38,30.01,29.97,29.9,10,10,4,9,3,,0.13,rain
2015-07-22,77,68.0,61,52,50,48,70,55,37,29.96,29.92,29.86,10,10,10,10,4,,0.0,sun
2015-07-23,81,71.0,62,51,50,48,65,51,32,30.02,29.97,29.91,10,10,10,7,2,,0.0,sun
2015-07-24,77,67.0,59,59,53,50,76,60,44,30.1,30.06,30.02,10,10,7,13,6,24.0,0.01,rain
2015-07-25,70,66.0,62,61,54,49,88,67,52,30.08,30.05,30.02,10,10,5,12,4,16.0,0.02,rain
2015-07-26,73,66.0,60,56,52,49,80,66,45,30.1,30.07,30.04,10,10,4,8,2,,0.1,rain
2015-07-27,77,65.0,55,54,51,45,84,61,34,30.23,30.18,30.11,10,10,6,7,2,,0.01,sun
2015-07-28,82,72.0,61,53,51,47,72,52,29,30.29,30.23,30.17,10,10,10,9,3,,0.0,sun
2015-07-29,89,75.0,62,55,51,48,75,46,26,30.2,30.14,30.07,10,10,9,10,3,18.0,0.0,sun
2015-07-30,91,78.0,66,54,50,44,63,38,21,30.11,30.06,30.0,10,10,10,9,3,16.0,0.0,sun
2015-07-31,93,80.0,68,52,46,38,55,33,15,30.09,30.03,29.96,10,10,10,9,3,,0.0,sun
2015-08-01,91,77.0,64,51,47,42,56,35,19,30.02,29.96,29.89,10,10,4,12,3,,0.0,sun
2015-08-02,90,77.0,64,55,52,47,67,45,23,29.95,29.91,29.86,10,10,10,8,2,,0.0,sun
2015-08-03,84,76.0,68,55,53,51,61,48,37,29.95,29.9,29.87,10,10,9,12,2,,0.0,sun
2015-08-04,81,70.0,61,56,52,48,78,57,34,30.02,29.99,29.94,10,10,10,10,5,,0.0,sun
2015-08-05,75,65.0,57,53,51,50,75,61,44,30.1,30.07,30.02,10,10,10,8,3,18.0,0.0,sun
2015-08-06,79,70.0,62,52,50,47,70,52,34,30.14,30.09,30.02,10,10,10,8,4,,0.0,sun
2015-08-07,84,72.0,62,57,52,47,70,52,28,30.02,29.94,29.85,10,10,10,8,2,,0.0,sun
2015-08-08,80,70.0,62,59,57,55,84,67,45,29.96,29.89,29.87,10,10,10,13,5,20.0,0.0,sun
2015-08-09,84,72.0,61,56,52,47,78,53,28,30.01,29.96,29.9,10,10,10,12,5,,0.0,sun
2015-08-10,84,75.0,66,57,52,49,73,47,29,29.96,29.92,29.87,10,10,10,12,3,,0.0,rain
2015-08-11,87,76.0,66,55,54,50,68,47,30,29.98,29.93,29.86,10,10,10,10,3,,0.0,sun
2015-08-12,84,75.0,66,61,56,54,65,52,35,29.99,29.94,29.9,10,10,7,7,2,,0.04,rain
2015-08-13,84,74.0,63,59,57,54,81,60,39,30.05,29.99,29.9,10,10,10,10,6,,0.0,sun
2015-08-14,68,65.0,62,57,56,54,84,75,65,30.15,30.01,29.92,10,8,4,14,7,26.0,0.57,rain
2015-08-15,72,66.0,60,55,53,50,78,65,49,30.25,30.22,30.16,10,10,10,12,7,,0.0,sun
2015-08-16,78,68.0,60,53,52,50,75,58,39,30.27,30.21,30.14,10,10,10,12,3,16.0,0.0,sun
2015-08-17,81,70.0,60,55,52,47,78,53,30,30.15,30.1,30.04,10,10,10,12,2,18.0,0.0,sun
2015-08-18,84,74.0,64,57,55,54,70,53,37,30.06,30.0,29.91,10,10,10,10,3,20.0,0.0,sun
2015-08-19,91,78.0,64,57,54,48,75,49,23,29.93,29.88,29.79,10,10,10,7,2,,0.0,sun
2015-08-20,75,68.0,61,57,53,48,82,64,38,29.97,29.92,29.87,10,9,2,10,7,18.0,0.0,sun
2015-08-21,75,66.0,60,51,49,44,68,56,35,30.07,29.98,29.91,10,10,10,9,6,,0.0,sun
2015-08-22,79,68.0,57,52,49,46,75,55,32,30.12,30.05,29.96,10,10,10,7,2,,0.0,sun
2015-08-23,82,70.0,59,53,49,44,72,49,27,29.98,29.95,29.91,10,8,3,6,1,,0.0,sun
2015-08-24,77,66.0,57,50,48,43,74,51,38,30.07,30.03,29.99,10,10,10,10,4,,0.0,sun
2015-08-25,78,68.0,57,49,45,39,65,45,25,30.11,30.05,29.99,10,10,10,12,2,17.0,0.0,sun
2015-08-26,84,71.0,60,51,46,40,67,44,23,30.04,29.99,29.95,10,10,10,6,1,,0.0,sun
2015-08-27,87,74.0,62,52,48,39,63,41,22,30.09,30.02,29.94,10,10,10,8,3,,0.0,sun
2015-08-28,75,70.0,64,58,54,42,78,56,32,30.01,29.9,29.68,10,10,10,13,6,18.0,0.01,rain
2015-08-29,75,66.0,60,60,56,50,96,70,44,29.78,29.67,29.5,10,8,3,23,8,39.0,0.18,rain
2015-08-30,72,65.0,59,60,55,50,100,75,51,30.0,29.9,29.75,10,9,3,13,8,18.0,0.24,rain
2015-08-31,68,66.0,64,58,53,49,78,64,54,29.99,29.95,29.9,10,10,10,15,11,25.0,0.06,rain
2015-09-01,68,64.0,62,58,56,53,84,76,63,29.9,29.84,29.78,10,7,1,15,9,25.0,0.17,rain
2015-09-02,70,63.0,57,53,50,46,81,65,44,29.96,29.89,29.78,10,10,10,13,7,18.0,0.02,rain
2015-09-03,69,60.0,53,50,47,42,83,65,40,30.03,30.0,29.96,10,10,10,10,3,25.0,0.0,sun
2015-09-04,66,60.0,54,49,47,46,80,68,48,30.02,30.0,29.98,10,10,10,8,2,,0.0,sun
2015-09-05,69,58.0,48,52,48,44,86,68,50,30.13,30.09,30.02,10,10,10,14,5,21.0,0.06,rain
2015-09-06,63,58.0,55,54,51,49,88,75,65,30.16,30.12,30.08,10,10,5,10,5,,0.19,rain
2015-09-07,73,66.0,59,54,52,46,83,66,39,30.22,30.18,30.15,10,10,9,10,1,,0.0,sun
2015-09-08,75,67.0,59,58,54,50,78,67,55,30.17,30.11,30.06,10,10,8,13,6,,0.0,sun
2015-09-09,78,69.0,60,57,55,49,83,64,37,30.09,30.07,30.04,10,10,10,8,2,,0.0,sun
2015-09-10,75,68.0,61,57,56,55,83,67,50,30.12,30.08,30.02,10,10,6,12,3,16.0,0.01,sun
2015-09-11,82,72.0,62,58,56,54,80,60,42,30.07,30.03,29.96,10,10,10,8,2,,0.0,sun
2015-09-12,81,71.0,62,57,55,53,78,60,40,30.04,29.99,29.95,10,10,10,10,2,16.0,0.0,sun
2015-09-13,72,66.0,59,58,53,45,86,69,41,29.99,29.95,29.9,10,8,1,12,4,,0.03,rain
2015-09-14,64,58.0,53,47,45,42,74,61,48,29.89,29.81,29.73,10,10,9,9,7,,0.0,sun
2015-09-15,66,59.0,52,47,44,42,72,61,42,29.84,29.81,29.78,10,10,10,10,7,,0.0,sun
2015-09-16,70,60.0,50,55,46,44,83,59,41,29.88,29.84,29.82,10,10,8,8,4,,0.04,rain
2015-09-17,68,62.0,57,57,54,51,84,77,65,30.1,29.94,29.83,10,10,3,12,3,18.0,0.58,rain
2015-09-18,70,64.0,57,55,52,50,82,67,51,30.13,30.09,30.04,10,10,10,9,5,,0.01,sun
2015-09-19,73,66.0,60,59,55,53,78,69,55,30.05,30.01,29.95,10,10,10,14,7,22.0,0.0,sun
2015-09-20,75,66.0,57,61,58,51,86,73,55,29.97,29.92,29.87,10,9,2,17,11,26.0,0.09,rain
2015-09-21,66,60.0,55,52,47,41,81,61,40,30.1,30.04,29.98,10,10,10,8,2,,0.0,sun
2015-09-22,68,57.0,46,47,43,36,83,60,31,30.04,30.01,29.97,10,10,10,10,2,,0.0,sun
2015-09-23,71,60.0,48,47,45,42,80,59,39,30.06,30.03,29.99,10,10,10,8,3,,0.0,sun
2015-09-24,75,64.0,54,53,50,47,77,59,44,30.04,29.99,29.96,10,10,10,10,3,16.0,0.0,sun
2015-09-25,63,61.0,59,54,52,45,82,73,57,30.07,30.04,30.01,10,10,8,10,4,,0.03,rain
2015-09-26,64,60.0,55,47,45,39,72,59,43,30.2,30.16,30.08,10,10,10,8,2,,0.0,sun
2015-09-27,64,55.0,46,46,44,39,83,65,41,30.22,30.16,30.09,10,10,10,10,3,20.0,0.0,sun
2015-09-28,69,61.0,53,50,47,45,77,64,49,30.09,30.01,29.93,10,10,10,9,3,,0.0,sun
2015-09-29,73,62.0,53,50,48,45,83,62,40,29.96,29.93,29.89,10,10,10,8,1,,0.0,rain
2015-09-30,68,60.0,53,52,50,47,89,76,57,30.04,30.0,29.95,10,8,3,8,3,,0.0,sun
2015-10-01,70,60.0,51,54,50,46,90,74,47,30.13,30.04,29.98,10,7,0,7,1,,0.01,fog
2015-10-02,62,58.0,53,52,51,48,89,77,67,30.22,30.17,30.07,10,8,3,13,3,,0.0,sun
2015-10-03,68,62.0,55,50,45,40,77,58,40,30.09,30.05,30.01,10,10,10,8,5,,0.0,sun
2015-10-04,72,62.0,54,48,46,42,80,57,38,30.0,29.93,29.86,10,10,10,9,3,,0.0,sun
2015-10-05,73,62.0,52,50,48,44,77,62,45,29.91,29.88,29.86,10,10,10,7,1,,0.0,sun
2015-10-06,66,60.0,54,53,50,47,83,70,51,30.09,30.0,29.9,10,10,10,13,4,18.0,0.01,sun
2015-10-07,62,60.0,59,57,55,53,87,81,72,30.17,30.12,30.08,10,8,3,9,5,,0.38,rain
2015-10-08,71,64.0,59,59,57,55,88,79,63,30.16,30.09,29.97,10,9,4,5,1,,0.0,sun
2015-10-09,70,62.0,55,59,55,50,94,77,63,29.97,29.94,29.9,10,7,0,9,4,,0.01,fog
2015-10-10,72,66.0,60,62,57,51,88,79,57,29.97,29.75,29.57,10,8,3,16,8,29.0,0.77,rain
2015-10-11,66,60.0,54,51,49,46,84,69,50,30.21,30.12,30.0,10,10,10,10,5,,0.0,sun
2015-10-12,68,61.0,54,61,53,46,94,76,59,30.15,30.1,30.05,10,7,2,12,6,21.0,0.34,rain
2015-10-13,63,58.0,54,54,52,47,88,79,65,30.27,30.22,30.15,10,8,2,9,2,,0.07,rain
2015-10-14,63,58.0,53,49,48,46,83,75,60,30.26,30.21,30.12,10,10,7,7,3,,0.0,sun
2015-10-15,68,60.0,53,50,48,46,86,70,47,30.12,30.04,29.96,10,10,9,7,2,,0.0,sun
2015-10-16,70,60.0,50,50,47,45,86,67,45,29.97,29.91,29.83,10,10,10,6,1,,0.01,sun
2015-10-17,68,62.0,57,56,53,50,86,76,61,29.95,29.89,29.84,10,10,8,6,1,,0.04,rain
2015-10-18,62,60.0,59,59,56,54,93,85,77,30.02,29.99,29.95,10,4,1,8,3,,0.16,rain
2015-10-19,66,62.0,57,56,54,53,86,76,63,30.15,30.01,29.94,10,10,5,10,4,,0.0,rain
2015-10-20,64,59.0,52,53,50,46,84,74,50,30.29,30.24,30.18,10,10,9,12,2,,0.0,sun
2015-10-21,64,57.0,50,53,49,45,93,79,65,30.19,30.15,30.12,10,9,1,9,2,,0.0,sun
2015-10-22,62,55.0,48,49,46,42,93,74,50,30.29,30.26,30.19,10,8,0,8,1,,0.01,fog
2015-10-23,59,52.0,48,47,45,43,83,74,60,30.25,30.16,30.04,10,9,3,7,2,,0.0,fog
2015-10-24,60,55.0,51,47,46,45,83,77,64,30.04,29.96,29.87,10,8,5,8,2,,0.01,rain
2015-10-25,66,57.0,50,54,49,46,90,77,54,29.86,29.73,29.65,10,9,2,14,4,29.0,0.35,rain
2015-10-26,57,55.0,53,54,51,48,93,83,72,30.05,29.97,29.82,10,7,2,14,11,21.0,0.09,rain
2015-10-27,60,54.0,48,50,48,46,90,79,67,30.05,29.99,29.93,10,10,3,12,2,,0.01,sun
2015-10-28,59,56.0,54,54,51,47,89,80,72,29.99,29.95,29.9,10,9,2,12,3,,0.1,rain
2015-10-29,62,60.0,57,54,52,50,83,77,69,30.06,30.02,29.96,10,10,10,13,7,,0.02,rain
2015-10-30,66,60.0,55,59,53,50,97,78,63,29.96,29.76,29.65,10,9,3,17,11,32.0,0.36,rain
2015-10-31,63,59.0,55,58,54,49,94,82,75,29.71,29.65,29.57,10,8,2,21,11,34.0,0.99,rain
2015-11-01,57,54.0,52,52,48,45,87,77,69,29.84,29.76,29.65,10,10,5,18,13,29.0,0.5,rain
2015-11-02,55,50.0,45,47,44,40,82,73,63,30.01,29.93,29.86,10,10,4,7,3,,0.07,rain
2015-11-03,53,47.0,41,43,41,37,89,77,61,30.17,30.08,29.99,10,10,6,12,2,,0.07,rain
2015-11-04,53,45.0,37,41,38,34,86,73,55,30.2,30.17,30.14,10,10,9,8,5,,0.0,sun
2015-11-05,55,52.0,48,47,45,42,87,78,64,30.31,30.18,30.12,10,10,6,8,5,,0.01,rain
2015-11-06,63,56.0,50,49,46,45,86,76,58,30.32,30.26,30.1,10,8,3,10,5,,0.01,rain
2015-11-07,55,54.0,52,52,49,46,88,81,72,30.07,29.91,29.81,10,8,2,12,5,18.0,0.49,rain
2015-11-08,55,52.0,48,47,45,43,86,79,67,29.85,29.83,29.79,10,9,3,7,4,,0.38,rain
2015-11-09,52,48.0,43,46,44,39,87,82,74,30.16,29.96,29.84,10,9,4,8,1,,0.16,rain
2015-11-10,54,46.0,39,45,41,37,93,79,61,30.27,30.2,30.04,10,6,0,16,6,28.0,0.06,fog
2015-11-11,55,50.0,43,48,40,37,89,70,55,30.36,30.26,30.05,10,10,10,15,8,31.0,0.05,rain
2015-11-12,54,48.0,43,50,41,34,100,74,55,30.36,30.13,29.89,10,8,2,28,9,36.0,0.24,rain
2015-11-13,60,56.0,51,55,52,46,94,86,72,29.88,29.84,29.81,10,6,1,24,15,38.0,1.31,rain
2015-11-14,51,48.0,46,46,43,41,86,82,80,29.82,29.72,29.54,10,6,3,8,3,,1.64,rain
2015-11-15,48,44.0,37,41,37,34,86,77,61,30.07,29.74,29.53,10,8,3,12,5,21.0,0.75,rain
2015-11-16,52,44.0,36,46,38,31,89,79,64,30.15,30.02,29.85,10,10,9,15,7,24.0,0.09,rain
2015-11-17,61,54.0,46,57,49,37,88,81,66,30.01,29.76,29.5,10,8,2,23,12,38.0,0.74,rain
2015-11-18,51,45.0,39,42,38,35,83,70,61,30.28,30.22,30.05,10,10,9,9,5,,0.03,rain
2015-11-19,50,44.0,37,44,37,31,97,74,50,30.43,30.21,30.1,10,10,10,12,3,21.0,0.08,rain
2015-11-20,50,42.0,35,36,33,30,93,72,48,30.56,30.49,30.43,10,9,4,6,2,,0.0,sun
2015-11-21,51,44.0,36,32,29,27,76,60,41,30.42,30.35,30.24,10,10,10,7,2,,0.0,sun
2015-11-22,50,42.0,34,34,32,29,82,69,50,30.23,30.09,29.97,10,10,10,6,1,,0.0,sun
2015-11-23,46,40.0,33,43,35,28,93,82,66,29.96,29.85,29.73,10,7,4,9,5,,0.12,rain
2015-11-24,48,44.0,41,41,32,24,86,63,41,30.14,29.9,29.71,10,8,4,16,6,28.0,0.21,rain
2015-11-25,48,42.0,35,31,24,18,76,51,32,30.38,30.28,30.16,10,10,10,7,4,,0.0,sun
2015-11-26,52,41.0,30,33,29,26,82,65,38,30.47,30.43,30.38,10,10,10,7,2,,0.0,sun
2015-11-27,48,39.0,30,32,28,24,85,68,46,30.43,30.39,30.35,10,10,7,8,1,,0.0,sun
2015-11-28,46,36.0,26,31,26,21,86,75,50,30.36,30.29,30.22,10,8,2,6,1,,0.0,snow
2015-11-29,39,34.0,30,34,31,25,93,87,79,30.24,30.21,30.16,3,1,0,7,2,,0.0,fog
2015-11-30,44,36.0,28,36,29,26,93,81,53,30.17,30.14,30.09,10,4,0,8,3,,0.01,fog
2015-12-01,53,47.0,41,40,35,30,89,69,43,30.19,30.1,29.99,10,9,5,13,3,,0.39,rain
2015-12-02,53,48.0,42,41,38,34,89,69,50,30.06,29.96,29.73,10,8,3,14,7,24.0,0.06,rain
2015-12-03,57,52.0,48,47,44,41,90,76,59,29.72,29.54,29.4,10,10,6,14,10,24.0,0.52,rain
2015-12-04,53,49.0,45,44,41,37,83,74,64,30.13,29.97,29.74,10,10,4,13,8,18.0,0.12,rain
2015-12-05,50,47.0,44,49,42,35,100,83,57,30.1,29.92,29.79,10,9,4,8,5,,0.81,rain
2015-12-06,57,52.0,48,52,46,40,100,79,55,29.93,29.84,29.74,10,10,7,17,9,26.0,0.55,rain
2015-12-07,55,52.0,50,54,48,40,100,87,59,29.89,29.78,29.62,10,7,2,14,7,21.0,1.06,rain
2015-12-08,63,58.0,52,57,54,52,100,90,81,29.86,29.67,29.46,10,7,2,20,10,32.0,1.51,rain
2015-12-09,57,52.0,46,53,45,41,87,75,62,29.85,29.67,29.44,10,9,3,17,11,37.0,0.56,rain
2015-12-10,55,50.0,46,45,41,35,86,72,49,29.49,29.32,29.15,10,9,5,22,12,38.0,0.63,rain
2015-12-11,52,48.0,43,43,41,39,90,81,61,29.84,29.65,29.49,10,10,10,7,2,,0.01,rain
2015-12-12,51,48.0,44,44,42,40,93,84,68,29.88,29.61,29.37,10,8,4,22,8,36.0,0.56,rain
2015-12-13,48,46.0,45,43,41,39,87,78,71,29.89,29.62,29.47,10,10,7,30,14,38.0,0.11,rain
2015-12-14,48,42.0,36,40,36,33,89,75,58,30.33,30.14,29.91,10,10,9,9,3,,0.0,snow
2015-12-15,46,40.0,33,37,34,32,97,80,56,30.35,30.29,30.16,10,6,0,10,6,,0.02,fog
2015-12-16,45,41.0,37,33,32,30,79,66,56,30.27,30.19,30.05,10,10,8,7,2,,0.13,rain
2015-12-17,46,42.0,39,34,32,24,73,67,49,30.02,29.72,29.49,10,7,2,14,6,17.0,0.82,rain
2015-12-18,50,46.0,42,33,32,30,67,58,48,29.86,29.71,29.44,10,9,4,14,9,25.0,0.54,rain
2015-12-19,48,44.0,39,34,32,31,75,64,52,29.93,29.88,29.78,10,10,10,13,8,21.0,0.01,rain
2015-12-20,48,46.0,43,33,32,32,65,59,54,29.8,29.72,29.62,10,10,7,18,13,29.0,0.19,rain
2015-12-21,45,42.0,39,43,37,30,100,83,58,29.74,29.4,29.14,10,8,2,13,6,17.0,0.83,rain
2015-12-22,46,42.0,39,41,37,33,100,78,61,29.61,29.51,29.41,10,10,9,18,6,26.0,0.12,rain
2015-12-23,43,41.0,39,41,37,35,96,83,76,29.57,29.52,29.47,10,10,10,20,11,30.0,0.09,rain
2015-12-24,43,41.0,39,39,37,36,93,85,76,29.93,29.71,29.52,10,10,8,13,7,20.0,0.11,rain
2015-12-25,41,38.0,36,38,37,35,100,94,86,30.52,30.21,29.94,10,10,6,7,4,,0.05,rain
2015-12-26,41,38.0,35,37,32,26,100,81,58,30.57,30.47,30.27,10,10,7,8,4,,0.0,sun
2015-12-27,42,40.0,37,37,33,27,96,81,60,30.24,30.09,30.02,10,9,7,9,3,,0.32,rain
2015-12-28,42,40.0,37,39,37,35,100,91,79,30.17,30.12,30.05,10,9,6,7,2,,0.03,rain
2015-12-29,45,40.0,33,38,36,31,100,87,65,30.25,30.16,30.13,10,9,6,12,2,,0.0,sun
2015-12-30,43,36.0,30,28,26,23,88,72,45,30.5,30.41,30.26,10,10,10,7,1,,0.0,sun
2015-12-31,43,35.0,27,27,23,22,89,70,43,30.58,30.53,30.51,10,10,10,6,1,,0.0,sun
2016-01-01,44,34.0,25,30,25,21,92,76,43,30.49,30.38,30.27,10,10,6,5,1,,0.0,sun
2016-01-02,44,34.0,23,30,23,13,96,73,33,30.26,30.19,30.11,10,9,6,8,2,,0.0,sun
2016-01-03,39,34.0,28,34,26,14,87,67,35,30.09,29.96,29.86,10,9,3,14,4,,0.01,snow
2016-01-04,39,38.0,37,34,33,32,87,83,76,29.84,29.77,29.67,10,6,2,8,1,,0.07,rain
2016-01-05,44,40.0,37,39,33,32,100,73,63,29.6,29.58,29.56,10,8,5,5,1,,0.11,rain
2016-01-06,51,43.0,35,42,39,35,100,90,66,29.76,29.65,29.59,10,9,2,7,1,,0.0,sun
2016-01-07,45,38.0,32,41,37,32,100,93,81,30.03,29.91,29.77,10,6,0,6,2,,0.0,fog
2016-01-08,48,39.0,30,42,38,30,100,93,74,30.08,30.04,30.01,10,6,0,7,1,,0.0,fog
2016-01-09,48,39.0,30,41,36,30,100,92,66,30.22,30.1,30.01,10,5,0,6,1,,0.0,fog
2016-01-10,51,43.0,32,39,32,25,93,69,50,30.27,30.21,30.15,10,10,9,8,2,,0.0,sun
2016-01-11,45,38.0,30,42,35,25,100,85,65,30.17,30.14,30.12,10,10,8,10,3,,0.09,rain
2016-01-12,48,42.0,37,44,42,36,96,88,77,30.14,29.85,29.53,10,9,5,16,5,26.0,0.52,rain
2016-01-13,55,48.0,42,49,45,41,100,89,74,30.03,29.77,29.54,10,8,3,22,8,30.0,0.57,rain
2016-01-14,48,42.0,35,41,37,33,97,85,68,30.06,29.94,29.79,10,10,10,9,5,,0.0,sun
2016-01-15,48,40.0,32,45,39,32,100,92,86,30.01,29.94,29.86,10,9,4,7,4,,0.04,snow
2016-01-16,53,48.0,43,48,45,40,100,89,83,29.97,29.79,29.65,10,9,3,15,5,26.0,0.41,rain
2016-01-17,50,46.0,42,47,43,40,97,91,82,29.95,29.81,29.68,10,10,7,13,5,,0.32,rain
2016-01-18,54,48.0,42,44,42,37,100,81,59,30.0,29.94,29.85,10,10,10,15,5,22.0,0.05,rain
2016-01-19,46,44.0,41,44,41,37,97,89,76,29.93,29.77,29.59,10,8,4,10,3,,0.46,rain
2016-01-20,52,46.0,41,44,42,40,100,84,63,30.2,30.09,29.93,10,10,7,10,5,,0.2,rain
2016-01-21,51,48.0,45,49,47,44,100,95,86,29.97,29.84,29.69,10,8,5,8,3,,1.27,rain
2016-01-22,55,50.0,46,50,46,42,97,85,67,29.93,29.81,29.64,10,10,6,17,8,25.0,0.27,rain
2016-01-23,46,45.0,44,46,44,40,100,94,79,29.97,29.8,29.71,10,8,4,8,2,,0.53,rain
2016-01-24,50,44.0,37,44,40,37,100,82,61,30.19,30.11,29.99,10,10,10,8,5,,0.0,sun
2016-01-25,54,45.0,36,42,39,35,97,81,59,30.26,30.23,30.19,10,10,10,6,2,,0.0,sun
2016-01-26,55,50.0,46,54,49,39,100,91,66,30.27,30.24,30.2,10,9,2,12,4,,0.27,rain
2016-01-27,57,54.0,50,54,52,49,100,94,87,30.24,30.13,29.92,10,9,5,10,5,,0.8,rain
2016-01-28,55,50.0,46,54,48,43,100,86,64,30.07,29.91,29.79,10,9,5,13,9,23.0,0.52,rain
2016-01-29,50,47.0,44,43,41,37,93,80,68,30.0,29.76,29.6,10,10,8,20,6,28.0,0.18,rain
2016-01-30,46,42.0,39,39,37,36,93,81,68,30.02,29.95,29.86,10,10,7,15,9,21.0,0.02,rain
2016-01-31,46,42.0,37,39,37,34,89,80,71,30.13,30.05,30.02,10,10,10,12,7,17.0,0.0,sun
2016-02-01,45,41.0,37,40,39,37,97,88,74,30.21,30.18,30.13,10,10,6,9,5,,0.25,rain
2016-02-02,50,42.0,35,40,36,31,100,82,48,30.22,30.2,30.18,10,9,0,8,2,,0.02,fog
2016-02-03,48,44.0,41,44,39,35,97,83,59,30.22,30.1,29.95,10,9,6,16,6,23.0,0.48,rain
2016-02-04,48,46.0,45,46,44,41,93,87,80,30.4,30.32,30.14,10,10,10,16,10,25.0,0.05,rain
2016-02-05,53,48.0,42,45,43,40,100,84,64,30.35,30.18,29.99,10,10,5,21,5,32.0,0.15,rain
2016-02-06,48,42.0,36,41,40,35,100,82,71,30.51,30.43,30.25,10,10,9,16,9,22.0,0.0,sun
2016-02-07,50,43.0,36,41,38,36,100,84,61,30.57,30.54,30.5,10,10,10,9,2,,0.0,sun
2016-02-08,57,48.0,39,44,41,37,97,81,59,30.51,30.41,30.28,10,10,10,8,2,,0.0,sun
2016-02-09,62,50.0,39,47,42,37,100,83,55,30.26,30.18,30.1,10,7,0,10,2,,0.0,fog
2016-02-10,55,50.0,44,52,45,39,100,81,63,30.31,30.21,30.08,10,10,4,10,5,23.0,0.16,rain
2016-02-11,55,50.0,44,52,47,43,100,89,72,30.29,30.15,30.08,10,8,3,8,3,,0.37,rain
2016-02-12,57,52.0,48,54,49,43,100,89,62,30.2,30.11,30.06,10,8,2,17,7,28.0,0.86,rain
2016-02-13,51,48.0,46,47,44,41,100,89,71,30.29,30.19,30.08,10,9,3,15,10,22.0,0.36,rain
2016-02-14,55,,55,50,50,50,82,82,82,30.12,30.12,30.12,10,10,10,23,23,,0.0,sun
2016-02-15,57,54.0,51,49,48,46,92,84,67,30.01,30.0,29.98,10,8,4,13,9,25.0,0.12,rain
2016-02-16,55,53.0,50,49,48,46,92,86,75,30.05,29.95,29.71,10,10,10,13,7,26.0,0.01,rain
2016-02-17,57,52.0,48,50,47,45,96,85,67,29.69,29.37,29.17,10,9,6,9,4,18.0,0.46,rain
2016-02-18,52,49.0,46,46,43,39,100,82,63,29.73,29.45,29.27,10,10,7,16,8,28.0,0.12,rain
2016-02-19,51,46.0,42,46,43,39,96,87,77,30.14,29.79,29.58,10,9,7,15,7,24.0,0.49,rain
2016-02-20,52,44.0,37,39,37,35,96,74,54,30.4,30.32,30.18,10,10,10,13,8,20.0,0.0,rain
2016-02-21,51,42.0,34,43,39,34,100,87,71,30.36,30.23,30.12,10,10,7,14,3,23.0,0.07,rain
2016-02-22,51,46.0,41,41,39,38,93,82,63,30.44,30.4,30.36,10,10,10,10,6,,0.01,rain
2016-02-23,60,48.0,37,38,33,28,96,61,32,30.35,30.19,30.07,10,10,10,13,4,,0.0,sun
2016-02-24,57,50.0,44,50,40,34,100,69,41,30.25,30.2,30.12,10,10,7,6,1,,0.02,rain
2016-02-25,61,50.0,39,45,42,39,100,80,49,30.25,30.18,30.09,10,9,1,7,1,,0.0,fog
2016-02-26,60,51.0,42,50,45,41,96,84,49,30.08,29.98,29.93,10,10,6,9,3,,0.15,rain
2016-02-27,57,52.0,46,49,47,42,100,87,60,30.14,30.07,29.96,10,9,4,10,2,,0.08,rain
2016-02-28,52,48.0,44,47,43,40,93,86,77,30.2,29.99,29.79,10,9,5,16,6,31.0,0.68,rain
2016-02-29,53,48.0,44,45,41,38,96,76,57,30.24,30.16,30.01,10,10,8,10,6,,0.12,rain
2016-03-01,55,50.0,45,49,44,39,100,86,63,29.98,29.75,29.55,10,9,4,23,6,34.0,0.71,rain
2016-03-02,54,50.0,46,49,44,38,97,80,55,30.02,29.91,29.74,10,9,4,20,11,29.0,0.27,rain
2016-03-03,57,52.0,48,50,45,41,96,76,55,30.01,29.96,29.83,10,10,9,16,8,25.0,0.03,rain
2016-03-04,57,48.0,39,48,43,38,97,84,55,29.94,29.79,29.51,10,10,7,9,2,,0.21,rain
2016-03-05,63,56.0,48,52,49,45,93,75,54,29.65,29.46,29.17,10,10,9,18,6,,0.2,rain
2016-03-06,60,52.0,45,48,44,42,93,82,64,29.61,29.53,29.23,10,9,2,14,9,26.0,0.39,rain
2016-03-07,52,48.0,41,44,41,39,100,84,66,30.04,29.82,29.55,10,10,4,18,8,25.0,0.26,rain
2016-03-08,53,46.0,39,43,38,35,93,75,52,30.04,29.94,29.85,10,10,8,9,7,20.0,0.03,rain
2016-03-09,55,48.0,43,50,44,42,97,88,71,29.9,29.65,29.36,10,9,4,16,7,30.0,0.97,rain
2016-03-10,55,48.0,39,52,43,39,100,80,57,29.97,29.74,29.38,10,10,6,22,13,38.0,0.32,rain
2016-03-11,55,46.0,36,48,43,36,100,90,59,29.93,29.63,29.49,10,9,4,8,3,,0.35,fog
2016-03-12,51,46.0,39,48,41,37,100,81,63,29.76,29.64,29.5,10,10,8,18,9,28.0,0.2,rain
2016-03-13,53,47.0,41,44,40,38,96,82,59,29.72,29.48,29.23,10,9,5,29,9,52.0,0.52,rain
2016-03-14,48,44.0,41,42,39,38,89,86,71,30.11,29.86,29.6,10,10,7,15,11,25.0,0.06,rain
2016-03-15,51,46.0,41,40,38,37,86,77,59,30.27,30.23,30.14,10,10,10,12,8,22.0,0.0,sun
2016-03-16,53,47.0,42,41,37,32,93,71,47,30.36,30.33,30.28,10,10,10,9,2,,0.0,sun
2016-03-17,57,47.0,37,38,33,26,93,65,33,30.36,30.29,30.18,10,10,10,14,3,20.0,0.0,sun
2016-03-18,63,52.0,42,27,24,22,53,33,23,30.17,30.06,30.0,10,10,10,20,8,26.0,0.0,sun
2016-03-19,61,54.0,48,45,38,24,69,53,31,30.06,30.0,29.92,10,10,10,8,3,,0.0,sun
2016-03-20,55,52.0,48,51,48,41,96,86,66,29.91,29.82,29.76,10,10,9,13,2,,0.08,rain
2016-03-21,55,50.0,46,48,47,44,100,89,77,29.83,29.77,29.69,10,10,6,9,6,20.0,0.28,rain
2016-03-22,57,50.0,45,46,44,42,93,81,62,30.22,30.02,29.83,10,10,8,12,7,18.0,0.01,rain
2016-03-23,53,50.0,48,48,45,43,97,84,74,30.27,30.18,30.0,10,9,2,15,11,25.0,0.13,rain
2016-03-24,54,49.0,45,43,40,38,86,76,59,30.21,30.15,30.05,10,10,10,16,10,24.0,0.0,rain
2016-03-25,57,50.0,44,41,38,32,85,68,42,30.25,30.21,30.18,10,10,10,8,4,20.0,0.0,sun
2016-03-26,59,50.0,41,46,39,33,93,66,39,30.17,30.01,29.85,10,10,8,8,2,,0.04,rain
2016-03-27,51,47.0,39,49,44,38,100,88,71,30.12,29.95,29.82,10,9,2,16,9,34.0,0.48,rain
2016-03-28,55,46.0,37,42,40,38,100,81,59,30.22,30.19,30.14,10,10,10,10,3,,0.0,rain
2016-03-29,64,50.0,37,43,39,36,100,74,38,30.21,30.15,30.06,10,9,1,12,4,20.0,0.0,sun
2016-03-30,68,54.0,43,45,42,39,93,64,37,30.11,30.07,30.03,10,10,10,8,2,,0.0,sun
2016-03-31,73,59.0,46,47,45,43,90,64,35,30.14,30.1,30.06,10,10,10,7,1,,0.0,sun
2016-04-01,71,58.0,46,50,48,45,93,69,44,30.19,30.15,30.1,10,10,10,8,3,,0.0,sun
2016-04-02,63,54.0,48,49,47,45,100,80,58,30.19,30.15,30.1,10,10,10,12,4,,0.0,sun
2016-04-03,69,58.0,46,51,47,38,97,71,42,30.13,30.02,29.89,10,10,5,13,3,20.0,0.12,rain
2016-04-04,60,54.0,46,50,43,40,92,72,51,30.45,30.22,30.02,10,10,5,18,12,30.0,0.17,rain
2016-04-05,57,52.0,46,46,44,42,86,77,64,30.57,30.51,30.45,10,10,10,14,8,21.0,0.0,sun
2016-04-06,68,56.0,45,47,44,40,90,67,38,30.5,30.37,30.2,10,10,10,12,4,17.0,0.0,sun
2016-04-07,77,63.0,51,51,49,46,89,65,37,30.18,29.99,29.86,10,10,10,10,4,,0.0,sun
2016-04-08,75,64.0,52,52,48,42,89,64,34,29.91,29.87,29.81,10,10,10,8,2,,0.0,sun
2016-04-09,66,55.0,46,50,47,44,100,73,48,29.88,29.84,29.79,10,10,10,6,2,,0.0,sun
2016-04-10,59,52.0,48,45,43,42,86,71,57,30.04,29.95,29.87,10,10,10,9,7,,0.0,sun
2016-04-11,57,54.0,50,44,42,39,80,67,51,30.14,30.09,30.04,10,10,10,10,6,,0.0,sun
2016-04-12,60,52.0,46,48,44,41,97,79,59,30.14,30.11,30.07,10,9,4,16,8,23.0,0.44,rain
2016-04-13,59,52.0,46,46,42,37,97,73,44,30.14,29.98,29.68,10,10,10,13,6,17.0,0.0,rain
2016-04-14,59,52.0,45,46,42,38,93,73,49,30.07,29.81,29.7,10,10,6,14,6,32.0,0.2,rain
2016-04-15,60,54.0,48,47,43,39,90,70,48,30.35,30.27,30.1,10,10,10,14,6,17.0,0.0,sun
2016-04-16,68,56.0,43,45,41,35,89,62,31,30.36,30.32,30.27,10,10,10,8,4,,0.0,sun
2016-04-17,77,64.0,50,50,47,44,83,61,33,30.3,30.18,30.08,10,10,10,10,3,,0.0,sun
2016-04-18,89,70.0,52,62,50,45,89,53,27,30.1,30.05,29.98,10,10,10,9,2,,0.0,sun
2016-04-19,81,68.0,55,52,50,47,83,54,31,30.02,29.95,29.85,10,10,10,9,3,,0.0,sun
2016-04-20,81,67.0,55,55,52,50,87,62,37,29.87,29.81,29.71,10,10,10,9,2,,0.0,sun
2016-04-21,73,63.0,53,53,50,42,89,65,34,29.85,29.76,29.64,10,10,10,12,8,,0.0,rain
2016-04-22,64,58.0,54,52,51,49,84,77,63,29.94,29.74,29.62,10,10,10,15,6,18.0,0.02,rain
2016-04-23,64,58.0,53,52,49,46,86,75,52,30.05,30.0,29.94,10,10,5,13,9,22.0,0.02,rain
2016-04-24,55,51.0,48,49,46,42,93,83,66,30.17,30.07,29.99,10,9,5,10,6,18.0,0.27,rain
2016-04-25,59,52.0,46,46,42,33,100,76,42,30.23,30.2,30.17,10,10,8,7,2,,0.1,sun
2016-04-26,60,52.0,43,44,41,37,93,69,44,30.2,30.1,30.01,10,10,10,8,4,,0.0,sun
2016-04-27,61,56.0,51,47,44,40,80,67,46,30.06,30.02,30.0,10,10,10,12,2,,0.0,sun
2016-04-28,64,58.0,53,50,47,43,86,71,52,30.12,30.09,30.06,10,10,10,7,3,,0.0,sun
2016-04-29,61,55.0,50,49,46,43,96,74,53,30.25,30.14,30.08,10,10,5,8,4,,0.04,rain
2016-04-30,68,56.0,45,47,44,40,97,64,37,30.38,30.32,30.26,10,10,10,12,3,18.0,0.0,sun
2016-05-01,77,63.0,51,50,46,42,86,56,30,30.29,30.1,29.93,10,10,10,13,3,20.0,0.0,sun
2016-05-02,87,70.0,54,52,47,41,80,48,26,29.96,29.93,29.86,10,10,10,8,3,,0.0,sun
2016-05-03,73,65.0,57,55,52,45,84,65,47,30.1,30.03,29.97,10,10,10,9,3,17.0,0.0,sun
2016-05-04,60,56.0,54,50,47,44,80,72,58,30.11,30.05,29.99,10,10,10,14,5,,0.0,sun
2016-05-05,68,60.0,52,50,48,45,83,65,52,30.07,30.03,30.0,10,10,10,9,4,20.0,0.0,sun
2016-05-06,77,66.0,54,49,44,37,77,48,24,30.1,30.03,29.97,10,10,10,14,3,20.0,0.0,sun
2016-05-07,82,68.0,54,52,47,39,72,50,26,29.97,29.91,29.83,10,10,10,9,2,,0.0,sun
2016-05-08,63,56.0,50,50,46,42,100,72,46,30.01,29.96,29.9,10,9,2,13,7,16.0,0.02,rain
2016-05-09,66,57.0,48,47,44,38,90,64,37,30.18,30.11,30.01,10,10,10,8,5,,0.0,sun
2016-05-10,75,60.0,46,46,39,31,86,49,23,30.27,30.21,30.15,10,10,10,12,3,17.0,0.0,sun
2016-05-11,81,66.0,52,55,43,34,74,45,25,30.17,30.04,29.92,10,10,10,8,4,,0.0,sun
2016-05-12,77,64.0,52,49,45,39,80,53,29,30.04,30.0,29.96,10,10,10,6,3,,0.0,sun
2016-05-13,82,68.0,54,51,49,48,86,56,30,30.02,29.95,29.86,10,10,10,12,5,18.0,0.0,sun
2016-05-14,64,59.0,54,53,52,50,90,83,58,30.0,29.96,29.89,10,10,9,10,5,,0.0,sun
2016-05-15,57,56.0,54,55,53,51,97,91,86,30.1,30.03,29.98,10,10,6,8,6,,0.0,sun
2016-05-16,60,56.0,52,53,50,49,100,82,69,30.27,30.21,30.09,10,8,3,6,3,,0.0,sun
2016-05-17,71,61.0,53,51,49,47,86,64,47,30.3,30.24,30.17,10,10,10,9,4,,0.0,sun
2016-05-18,64,60.0,54,53,50,45,87,74,63,30.17,30.06,29.97,10,10,10,8,2,,0.0,sun
2016-05-19,63,55.0,48,50,48,43,97,83,52,29.97,29.92,29.86,10,9,4,13,7,20.0,0.22,rain
2016-05-20,66,58.0,51,50,46,39,96,69,38,29.88,29.81,29.75,10,10,10,12,6,18.0,0.0,sun
2016-05-21,59,56.0,52,51,38,28,90,56,32,29.9,29.82,29.74,10,9,4,10,3,,0.04,rain
2016-05-22,66,60.0,54,50,48,44,86,70,52,29.94,29.91,29.9,10,10,10,14,9,21.0,0.0,sun
2016-05-23,64,59.0,54,50,48,45,83,69,52,29.95,29.94,29.93,10,10,10,10,6,,0.0,sun
2016-05-24,66,62.0,57,52,51,49,78,70,56,30.03,29.99,29.94,10,10,10,6,3,,0.0,sun
2016-05-25,66,60.0,55,52,50,45,84,72,61,30.21,30.14,30.04,10,10,10,12,4,17.0,0.0,sun
2016-05-26,64,58.0,53,49,45,42,83,67,53,30.21,30.18,30.13,10,10,6,12,9,17.0,0.0,sun
2016-05-27,64,57.0,51,49,44,37,83,67,38,30.17,30.14,30.11,10,10,10,12,7,,0.02,rain
2016-05-28,64,56.0,50,56,48,31,96,78,37,30.13,30.08,30.03,10,10,4,14,9,23.0,0.03,rain
2016-05-29,64,58.0,53,53,49,41,93,76,48,30.26,30.14,30.04,10,9,3,14,7,,0.0,sun
2016-05-30,71,60.0,48,48,45,43,86,59,38,30.32,30.26,30.18,10,10,10,14,4,16.0,0.0,sun
2016-05-31,79,66.0,55,50,48,45,80,54,33,30.17,30.06,29.95,10,10,10,7,2,,0.0,sun
2016-06-01,75,66.0,59,58,52,45,90,61,48,29.97,29.94,29.89,10,10,10,12,4,17.0,0.0,sun
2016-06-02,71,64.0,59,57,54,51,90,75,51,30.19,30.05,29.92,10,10,10,18,10,24.0,0.0,sun
2016-06-03,80,68.0,57,54,53,52,87,60,38,30.26,30.21,30.16,10,10,10,12,3,17.0,0.0,sun
2016-06-04,81,72.0,63,54,45,35,67,39,29,30.16,30.05,29.93,10,10,10,12,5,20.0,0.0,sun
2016-06-05,91,78.0,66,61,56,52,65,46,34,29.92,29.88,29.83,10,10,10,9,2,,0.0,sun
2016-06-06,86,74.0,64,56,52,46,65,46,33,29.94,29.88,29.83,10,10,10,12,3,20.0,0.0,sun
2016-06-07,84,72.0,59,53,49,44,75,46,32,29.86,29.81,29.75,10,10,10,7,4,,0.0,sun
2016-06-08,66,62.0,57,52,49,47,75,62,51,29.96,29.87,29.76,10,10,10,15,7,22.0,0.0,rain
2016-06-09,64,59.0,54,54,47,40,90,67,43,29.97,29.93,29.87,10,10,3,12,7,,0.06,rain
2016-06-10,66,58.0,52,52,48,42,89,73,45,30.1,30.01,29.9,10,10,10,14,8,22.0,0.01,rain
2016-06-11,64,58.0,52,54,50,47,93,79,54,30.28,30.19,30.1,10,10,6,9,6,,0.1,rain
2016-06-12,70,62.0,55,49,46,43,74,57,40,30.29,30.24,30.13,10,10,10,7,4,,0.0,sun
2016-06-13,66,60.0,54,51,47,43,86,67,47,30.11,30.01,29.95,10,10,10,17,7,24.0,0.0,rain
2016-06-14,60,54.0,48,47,45,42,86,73,53,29.98,29.94,29.91,10,10,10,21,10,28.0,0.05,rain
2016-06-15,66,56.0,45,47,42,38,90,63,36,29.98,29.95,29.9,10,10,10,10,7,16.0,0.0,sun
2016-06-16,71,61.0,53,47,44,37,80,58,31,30.18,30.07,29.98,10,10,10,10,7,,0.0,sun
2016-06-17,66,60.0,53,53,48,45,90,69,45,30.17,30.12,30.07,10,10,3,14,3,22.0,0.22,rain
2016-06-18,64,60.0,55,54,51,45,96,79,58,30.37,30.17,30.05,10,10,7,14,5,18.0,0.16,rain
2016-06-19,70,58.0,48,48,46,43,90,63,40,30.41,30.34,30.22,10,10,10,12,7,22.0,0.0,sun
2016-06-20,75,66.0,57,55,52,43,93,67,32,30.21,30.17,30.11,10,10,5,14,5,25.0,0.29,rain
2016-06-21,73,64.0,55,56,53,50,96,74,48,30.31,30.24,30.16,10,10,6,15,9,,0.34,rain
2016-06-22,75,65.0,57,52,50,48,83,61,40,30.15,30.06,29.96,10,10,10,12,4,,0.0,rain
2016-06-23,68,62.0,55,58,55,52,100,87,61,30.1,30.01,29.97,10,8,2,14,7,24.0,0.34,rain
2016-06-24,69,60.0,53,58,54,52,97,80,61,30.28,30.2,30.12,10,10,8,15,7,21.0,0.09,rain
2016-06-25,71,64.0,57,53,52,49,87,68,51,30.3,30.26,30.2,10,10,9,9,6,16.0,0.0,sun
2016-06-26,78,67.0,57,57,54,51,83,63,47,30.23,30.17,30.09,10,10,10,13,4,20.0,0.0,sun
2016-06-27,84,73.0,62,57,54,50,75,55,34,30.17,30.13,30.1,10,10,10,13,4,,0.0,sun
2016-06-28,79,66.0,55,58,55,53,93,75,46,30.23,30.18,30.11,10,10,10,9,6,,0.0,sun
2016-06-29,73,65.0,57,58,56,55,93,80,57,30.22,30.18,30.14,10,10,10,9,5,,0.0,sun
2016-06-30,73,65.0,57,56,54,52,87,73,48,30.25,30.19,30.12,10,10,10,8,5,,0.0,sun
2016-07-01,75,66.0,57,56,54,52,87,73,48,30.14,30.1,30.05,10,10,10,8,3,,0.0,sun
2016-07-02,75,69.0,61,60,57,54,84,70,55,30.05,30.03,29.99,10,10,10,8,4,,0.0,sun
2016-07-03,71,64.0,57,56,53,49,87,72,53,30.17,30.12,30.05,10,10,10,9,5,,0.0,sun
2016-07-04,68,62.0,57,56,52,50,82,72,54,30.17,30.14,30.12,10,10,10,9,7,,0.0,rain
2016-07-05,69,63.0,57,55,52,50,84,72,53,30.14,30.11,30.07,10,10,10,8,5,21.0,0.0,sun
2016-07-06,75,66.0,57,55,53,48,84,63,38,30.08,30.04,29.95,10,10,10,9,3,,0.0,sun
2016-07-07,68,64.0,60,61,56,52,96,78,65,29.95,29.92,29.88,10,10,4,13,6,18.0,0.06,rain
2016-07-08,73,66.0,60,60,58,55,100,82,55,29.93,29.89,29.87,10,9,3,10,6,18.0,0.14,rain
2016-07-09,71,64.0,57,58,54,51,100,75,53,30.01,29.97,29.89,10,10,6,10,6,17.0,0.07,rain
2016-07-10,73,66.0,59,57,55,52,90,72,48,30.08,30.02,29.98,10,10,10,10,3,,0.0,sun
2016-07-11,73,64.0,57,56,52,45,84,68,47,30.12,30.06,29.98,10,10,10,12,7,,0.0,sun
2016-07-12,77,68.0,60,57,54,52,80,64,43,30.16,30.03,29.96,10,10,10,13,3,18.0,0.0,sun
2016-07-13,75,68.0,60,53,50,46,78,59,37,30.25,30.22,30.17,10,10,10,12,4,,0.0,sun
2016-07-14,77,66.0,57,58,52,49,78,62,38,30.26,30.21,30.14,10,10,10,17,5,22.0,0.0,sun
2016-07-15,75,66.0,57,53,51,48,84,60,38,30.19,30.14,30.08,10,10,10,8,3,,0.0,sun
2016-07-16,72,66.0,59,53,52,51,75,62,49,30.1,30.06,30.01,10,10,10,10,6,,0.0,sun
2016-07-17,80,70.0,60,56,54,53,80,60,40,30.0,29.95,29.89,10,10,10,10,2,,0.0,sun
2016-07-18,73,67.0,62,57,55,53,78,69,57,30.06,29.98,29.92,10,10,10,10,4,,0.0,sun
2016-07-19,78,70.0,62,55,53,50,75,59,40,30.11,30.08,30.05,10,10,10,9,5,,0.0,sun
2016-07-20,82,72.0,62,54,52,47,72,54,30,30.14,30.1,30.04,10,10,10,10,3,,0.0,sun
2016-07-21,81,71.0,61,56,54,51,78,57,36,30.11,30.04,29.99,10,10,10,14,4,18.0,0.0,sun
2016-07-22,71,66.0,61,58,56,54,90,73,59,30.28,30.22,30.12,10,9,5,12,7,20.0,0.21,rain
2016-07-23,75,66.0,60,55,53,49,78,64,41,30.28,30.24,30.19,10,10,10,8,4,,0.0,sun
2016-07-24,80,68.0,57,54,52,51,81,58,38,30.19,30.09,30.01,10,10,10,12,4,18.0,0.0,sun
2016-07-25,84,73.0,62,58,56,53,75,56,35,30.08,30.04,30.01,10,10,10,10,3,,0.0,sun
2016-07-26,79,70.0,60,57,56,53,83,69,42,30.18,30.13,30.08,10,10,10,8,4,,0.0,sun
2016-07-27,82,71.0,60,58,56,54,83,60,38,30.14,30.1,30.06,10,10,10,10,5,17.0,0.0,sun
2016-07-28,84,73.0,62,57,56,54,78,56,35,30.14,30.07,30.0,10,10,10,10,5,,0.0,sun
2016-07-29,88,75.0,64,58,56,52,75,53,31,30.01,29.95,29.87,10,10,10,10,3,,0.0,sun
2016-07-30,75,67.0,59,55,52,51,81,63,44,29.98,29.94,29.88,10,10,10,9,6,18.0,0.0,sun
2016-07-31,73,64.0,57,52,51,50,75,62,48,30.08,30.04,29.98,10,10,10,10,8,20.0,0.0,sun
2016-08-01,77,66.0,55,54,52,51,89,70,42,30.12,30.06,30.0,10,10,5,12,5,,0.0,sun
2016-08-02,73,64.0,57,53,51,50,78,66,49,30.23,30.13,30.07,10,10,10,12,6,17.0,0.0,sun
2016-08-03,75,66.0,60,53,52,51,72,62,45,30.28,30.24,30.16,10,10,10,10,6,,0.0,sun
2016-08-04,80,69.0,59,56,53,51,81,58,38,30.16,30.04,29.91,10,10,10,13,5,21.0,0.0,sun
2016-08-05,79,70.0,61,54,51,46,75,56,32,29.97,29.92,29.89,10,10,10,9,4,,0.0,sun
2016-08-06,72,63.0,55,51,49,48,77,62,45,30.01,29.97,29.91,10,10,10,10,6,,0.0,sun
2016-08-07,72,66.0,60,56,52,49,83,69,49,29.96,29.92,29.89,10,10,10,9,4,,0.03,rain
2016-08-08,73,64.0,57,54,53,48,84,69,44,29.99,29.97,29.95,10,10,10,9,4,,0.0,sun
2016-08-09,72,66.0,60,55,54,53,83,70,53,30.03,30.01,29.98,10,10,10,10,3,,0.0,sun
2016-08-10,75,68.0,60,56,55,54,83,67,48,30.09,30.07,30.04,10,10,10,12,2,17.0,0.0,sun
2016-08-11,80,70.0,61,57,56,54,81,63,47,30.14,30.1,30.06,10,10,10,12,4,20.0,0.0,sun
2016-08-12,87,75.0,63,59,57,55,78,56,36,30.1,30.05,29.98,10,10,10,10,3,,0.0,sun
2016-08-13,90,78.0,66,60,56,51,78,52,28,30.02,29.98,29.93,10,10,10,8,2,,0.0,sun
2016-08-14,82,71.0,60,54,52,44,78,51,25,30.04,30.01,29.96,10,10,10,10,4,,0.0,sun
2016-08-15,84,72.0,61,57,55,53,78,57,37,30.1,30.06,30.02,10,10,10,9,2,,0.0,sun
2016-08-16,81,69.0,57,56,54,51,90,62,35,30.13,30.09,30.04,10,10,10,8,2,,0.0,sun
2016-08-17,79,70.0,60,54,53,50,80,56,40,30.12,30.06,30.0,10,10,10,12,4,,0.0,sun
2016-08-18,86,73.0,60,63,59,49,72,57,45,30.06,30.0,29.93,10,10,10,16,8,,0.0,sun
2016-08-19,95,60.0,26,77,54,9,88,48,23,30.01,29.96,29.88,10,10,10,16,8,,0.0,sun
2016-08-20,91,78.0,64,57,53,48,70,44,26,29.93,29.87,29.78,10,10,10,10,3,,0.0,sun
2016-08-21,73,66.0,60,55,54,52,83,68,48,29.98,29.89,29.81,10,10,10,14,8,,0.0,sun
2016-08-22,72,64.0,57,59,51,46,93,64,40,30.11,30.07,29.99,10,10,10,14,8,,0.0,sun
2016-08-23,79,67.0,55,55,51,48,83,58,39,30.19,30.16,30.12,10,10,10,17,7,,0.0,sun
2016-08-24,82,70.0,57,57,55,54,89,60,39,30.24,30.18,30.12,10,10,10,20,5,,0.0,sun
2016-08-25,93,77.0,61,59,54,50,81,51,22,30.14,30.05,29.94,10,10,10,14,4,,0.0,sun
2016-08-26,88,74.0,60,57,52,45,82,45,22,29.96,29.89,29.79,10,10,10,10,4,,0.0,sun
2016-08-27,72,66.0,61,57,54,50,81,65,46,30.01,29.88,29.77,10,10,10,16,9,,0.0,sun
2016-08-28,75,68.0,59,54,52,50,80,65,44,30.09,30.06,30.01,10,10,10,12,9,,0.0,sun
2016-08-29,81,68.0,55,55,53,50,89,65,39,30.08,30.02,29.95,10,10,6,9,4,,0.0,sun
2016-08-30,70,64.0,57,55,53,52,83,69,53,30.05,30.01,29.97,10,10,10,14,9,18.0,0.0,sun
2016-08-31,71,65.0,59,61,56,52,90,77,63,29.99,29.97,29.96,10,10,8,14,8,,0.0,rain
